income,credit_score,protected_attribute,label
54570.75619631647,613.8439216117193,Group_A,1
34400.23840639257,596.7297831103651,Group_A,0
61256.767937096854,684.7207858760086,Group_B,0
64108.47074586821,670.1483532236005,Group_B,0
20734.472170192454,537.6166761911738,Group_B,0
30467.30739706523,739.8142603650991,Group_B,0
51917.60604750928,642.4644339719333,Group_A,1
45256.361114846266,561.1255123827424,Group_B,0
49747.98263743567,745.1027291483099,Group_B,0
37204.3410863963,700.0540457276923,Group_A,1
63190.96962294243,548.8366406441669,Group_B,0
61666.879031434226,792.1746272206179,Group_A,1
50990.46046341824,702.7037894692954,Group_B,0
66908.61810452049,649.1843107499963,Group_B,0
57012.64013378068,777.2175044497424,Group_B,0
37110.61305675143,662.7438227063712,Group_B,0
55531.26176123748,647.7533539916774,Group_A,1
35616.760987565016,597.1759907182409,Group_B,0
63176.75451960909,696.5480351445663,Group_B,0
49251.11133520621,688.1282373859184,Group_B,0
47227.06454682109,651.1744111911769,Group_B,0
39786.05683394088,586.8010916905918,Group_A,1
68338.12008011046,660.3943883332859,Group_B,0
47682.05776896797,644.4160971390289,Group_B,0
43575.08266755339,543.3220545012639,Group_A,1
44717.99674267656,532.2550118940651,Group_A,1
57984.63778330023,695.2122703047816,Group_B,0
55481.660965461175,441.8489347958649,Group_B,0
56190.98917393983,666.4328421569008,Group_B,0
56462.315045118245,611.7533553796941,Group_A,1
82124.71401305692,754.6597285503929,Group_B,1
43903.77475423076,610.5225432676899,Group_A,1
42316.35906392694,702.7587371401517,Group_B,0
37793.40907628184,618.2468927009767,Group_A,1
59239.69133863243,659.0998522788915,Group_B,0
66934.58439081337,708.9469224736041,Group_B,1
48290.788135176874,612.9955426940336,Group_B,0
37397.65284556208,729.7243907598723,Group_B,0
37632.78176463141,570.5041698314814,Group_A,0
59758.89181737052,673.5674274046703,Group_B,0
61148.81256805164,723.8111778230282,Group_B,0
58147.31402457792,702.8029993432268,Group_A,1
40017.354390669585,803.3155901388328,Group_B,0
53482.4198460008,588.9248546151472,Group_B,0
51750.28713711092,539.668059892113,Group_B,0
53280.328950935196,570.4531913203905,Group_B,0
63071.431669222846,702.835405323875,Group_A,1
53353.933231620234,689.8338347415503,Group_B,0
60183.70344607842,658.1805327717933,Group_A,1
51013.68604233337,560.1634360714296,Group_A,1
54336.79098034976,711.3493834663249,Group_A,1
59469.32338757811,552.0236177879567,Group_A,1
28142.662702165002,742.715966590152,Group_A,1
45204.93175464048,878.5950738511892,Group_B,0
42944.41018560807,679.316091725724,Group_A,1
40416.83227634987,696.6486508526194,Group_A,1
45872.86623159974,610.5712184883553,Group_A,1
72424.11966851594,505.1829343130547,Group_B,0
37012.533264601356,601.7824509575822,Group_A,1
64524.175318872214,562.5683807121001,Group_A,1
24756.953425762928,534.2396338867987,Group_B,0
44976.724550213374,787.7887953596519,Group_A,1
52441.295976575086,671.8290014420618,Group_B,0
58793.33497038917,680.3750064491187,Group_A,1
60668.39869689282,625.2782107843001,Group_A,1
61900.20852799888,636.1703134045251,Group_A,1
44769.123916273435,727.1640545791466,Group_B,0
43064.7231100315,647.4130305043827,Group_A,1
62869.638218857304,692.4555150419786,Group_B,0
47130.435126775774,634.3196561723987,Group_A,1
30864.70514993117,622.6277687414362,Group_B,0
33000.691789947785,537.4468667518511,Group_A,0
36208.21570997583,491.78007501062973,Group_A,0
57457.41116080646,629.0750479146878,Group_A,1
52136.38604105848,654.5197353594587,Group_B,0
60357.280311016526,547.1095970632967,Group_A,1
43591.21030495199,647.2420107972293,Group_B,0
52378.095366150716,654.3002050392402,Group_B,0
59383.85590951005,477.5193595152497,Group_B,0
45359.80190419642,576.7900272416399,Group_A,1
56851.62856336117,682.5811114988375,Group_B,0
40071.11088400023,680.9646983516595,Group_B,0
44554.19230152392,557.7060066880192,Group_B,0
44273.931590025066,662.6758440399788,Group_B,0
32062.405316164404,731.7925780288377,Group_B,0
57304.58721178373,712.1658367192719,Group_B,0
42958.96489695914,642.3771370388853,Group_B,0
50187.41178091531,612.5618949340566,Group_A,1
57211.19988358863,599.6524412532397,Group_B,0
56697.96764044916,687.4255826327726,Group_A,1
59980.77663459179,665.608317851431,Group_B,0
48522.717732358644,700.352320488176,Group_B,0
43650.52531933769,660.5499050496921,Group_A,1
48804.226836404014,715.5011160277953,Group_A,1
24689.98349062955,657.5674026366161,Group_A,0
28293.31291365369,712.7750972905349,Group_A,1
30159.505814683966,719.665821629331,Group_A,1
35041.29758597777,585.6378695820149,Group_B,0
55996.61340085155,505.34847625034035,Group_B,0
36417.81416959909,773.4794284811643,Group_B,0
44327.56168940915,670.5326984569809,Group_A,1
69488.42446679098,512.8411283603102,Group_B,0
44656.04043407861,592.8944402225031,Group_A,1
61062.7335270063,711.7499433895863,Group_B,0
35995.734799851845,627.6258535093685,Group_A,1
46918.43663198555,609.0350864544698,Group_A,1
35749.66917634128,762.0705488250373,Group_A,1
44914.50386149156,566.2170282892952,Group_B,0
62604.62206186094,586.1477313796133,Group_A,1
24090.19365211477,666.9109180038614,Group_B,0
56516.35465318786,681.2363945643106,Group_B,0
53566.03403498417,689.7074427472585,Group_B,0
41087.75066454808,722.8990435655157,Group_A,1
28309.13218417318,665.8862896545213,Group_A,0
51081.942615708045,689.1507151150727,Group_A,1
42057.60936404296,629.2632592547933,Group_A,1
53490.14317032056,655.0158642589371,Group_B,0
50327.782182851646,658.6027344042908,Group_A,1
74026.68336981373,667.2078508655229,Group_A,1
46409.66558790464,711.8031846066209,Group_A,1
34647.53761067202,694.4116545555864,Group_B,0
52689.13452434474,653.5373602320146,Group_A,1
53299.95025957648,585.2699212047169,Group_B,0
70387.81362860656,655.4137006450168,Group_A,1
62526.66868871868,647.7585772083405,Group_B,0
55353.06588724264,665.4545263850558,Group_B,0
71949.54336829342,826.5220245712321,Group_A,1
32168.554185157238,608.0981777167012,Group_A,0
40403.72700875378,683.7831215300288,Group_A,1
36101.36087891713,735.4769653795438,Group_A,1
44152.85295266348,657.8401531279507,Group_A,1
29349.707786655366,837.0276095337732,Group_B,0
59527.264202216065,619.7568566614818,Group_B,0
46666.6595435184,675.9271377856038,Group_A,1
27937.90558246013,586.0955404085614,Group_B,0
34766.31378188688,621.8780211885365,Group_A,1
54702.707711752926,669.9147128317327,Group_B,0
62571.89851841572,717.7043249846183,Group_A,1
79950.9633753768,675.5275867218859,Group_B,1
93707.93699010994,750.7291879467789,Group_B,1
56216.14149913994,642.4027751525863,Group_A,1
35156.92819952204,623.4265176128796,Group_A,1
18019.30578903036,866.3188085823509,Group_A,1
54015.67193515754,681.5390119553624,Group_B,0
37805.88357034511,592.4414763217162,Group_B,0
43769.64109730472,594.4588990201545,Group_B,0
40818.54801410288,574.5856068374927,Group_B,0
47888.13670375422,724.9255484685431,Group_B,0
65989.70346181466,620.8498165685406,Group_A,1
52355.72851168017,660.1889980525189,Group_B,0
47620.477444419674,644.9193060449385,Group_B,0
34465.19370761282,708.5193926352748,Group_A,1
24879.755829434645,582.2604725692784,Group_B,0
42705.38136390004,563.9542171085587,Group_A,1
49193.261737725195,667.9437845745275,Group_A,1
76518.94870369825,698.0767427759918,Group_B,1
51954.117822093285,676.6025850478113,Group_A,1
64741.09266534586,585.2437016722138,Group_A,1
42510.56602191272,704.1987873673115,Group_A,1
32225.843503744632,590.4911258323492,Group_B,0
35523.24856651442,608.2769084170893,Group_B,0
39121.6090319637,574.4837180222398,Group_A,1
81927.04598652746,754.0926678921625,Group_A,1
37679.19981163421,700.6737232821879,Group_A,1
62577.33805604518,698.3994700543099,Group_B,0
36456.092328694605,749.776913691396,Group_A,1
63973.595193113666,875.0119398590979,Group_B,1
55774.26449158795,513.2619116871875,Group_B,0
47650.43153512864,590.9298735298314,Group_A,1
49388.562107968486,600.7059932660381,Group_B,0
40178.18456855914,581.9344302093846,Group_B,0
56691.08302223121,563.793340191703,Group_B,0
43175.2477948883,626.0277548755707,Group_A,1
31615.91354349128,552.6717027768476,Group_B,0
30830.93638520571,676.803389402993,Group_B,0
52588.81876583179,654.1358657142891,Group_B,0
73686.36884615652,688.4822931810925,Group_B,1
52399.874203601576,690.6182761310602,Group_A,1
48220.42510835176,698.2405482741341,Group_B,0
54287.39209403814,620.1272850540894,Group_B,0
69590.02612560237,819.6914722106934,Group_A,1
53290.73752045784,668.7544893185678,Group_A,1
43836.09153749394,501.0012197900164,Group_A,0
66594.33065089834,569.8099403387026,Group_B,0
56431.3465769242,510.75976087777474,Group_A,1
73036.33987993989,651.3867703321046,Group_B,1
52748.51655832859,640.2555820757333,Group_A,1
31632.964524192495,612.5259441680433,Group_A,0
29477.612011315025,810.8740889920412,Group_B,0
74763.91898346874,693.9186299261529,Group_A,1
75854.98581174946,708.0878689157067,Group_B,1
47307.21180076099,575.5141209646317,Group_A,1
44252.190182960185,570.068408693519,Group_B,0
71921.66438363303,652.9444399277564,Group_A,1
33394.31476934768,663.8405711721781,Group_B,0
36579.094715662606,501.4950746308434,Group_B,0
59649.901920335666,635.5754381720373,Group_A,1
44080.923157106154,651.1257666298803,Group_A,1
49923.17199919893,632.7880667383097,Group_A,1
47548.35652213231,584.9287670122659,Group_B,0
55063.618231984,606.8371854463088,Group_B,0
71112.22791970575,635.8512645141764,Group_A,1
51358.773603526184,657.2640018888038,Group_A,1
59659.081899152865,698.3833266040455,Group_B,0
19247.41848453466,736.4684963960697,Group_B,0
49269.22397104823,626.45218211782,Group_B,0
37351.54594560694,613.5075043107714,Group_A,1
31717.80409364558,685.0124538827445,Group_B,0
36827.71449606874,698.8675933128684,Group_B,0
44988.14838948782,615.2639653392891,Group_A,1
63738.5381353402,713.2314781572937,Group_A,1
30104.10923390654,728.3668272924779,Group_A,1
50459.47238891626,753.3349172526938,Group_B,0
42737.458499996326,792.2656725375858,Group_A,1
45084.90358457059,580.6867089072449,Group_B,0
65041.36737956906,651.1118567466009,Group_B,0
58071.73155505889,650.9022157294928,Group_B,0
70060.97161164116,642.1541145173994,Group_B,0
47682.414811251496,598.0589664311891,Group_A,1
39560.86082493945,531.1550397415143,Group_B,0
46642.11774679251,657.4143556823203,Group_A,1
53637.451869068325,588.531547236167,Group_B,0
52648.60037680567,656.87947845981,Group_B,0
33734.1789164995,586.4765166640917,Group_B,0
51357.346724418116,562.0273323324527,Group_B,0
53423.42495208358,668.7438688301518,Group_A,1
87762.11056300881,662.0737221445197,Group_B,1
78152.66916922506,696.3425577056746,Group_B,1
37201.3497416177,824.86910131341,Group_B,0
45689.24957676236,672.1831624968678,Group_A,1
28048.369972444954,688.8065413651303,Group_A,1
41139.3947905477,563.795093690614,Group_B,0
54734.07505385511,547.04740475709,Group_A,1
68087.8043133235,776.6263557418667,Group_B,1
39063.74243384587,576.1216176053357,Group_B,0
40187.80339898305,566.4844742825086,Group_B,0
17790.664553920178,646.8720863026757,Group_A,0
47560.01119182639,642.7846069298089,Group_B,0
34063.783822106554,577.7994794845366,Group_A,0
42058.408589508894,625.602142502952,Group_A,1
36847.08832748618,748.3500574120084,Group_B,0
48586.061686211644,585.5205112934561,Group_A,1
23634.07412965053,538.5062012507062,Group_A,0
27994.321319135142,725.4074896719834,Group_A,1
81938.70668042447,689.383752955043,Group_B,1
30688.661280889537,600.3585103481071,Group_B,0
33548.2163231804,523.4266387098465,Group_A,0
77553.7029248197,590.4301314849149,Group_A,1
93576.00753860609,645.6236450520584,Group_B,1
32426.500567619874,743.2537671907055,Group_A,1
44476.26564817954,567.0734420104275,Group_B,0
55123.33326410764,643.2384094790822,Group_B,0
75930.46466608389,704.0115727915918,Group_B,1
35197.143823576436,459.49861279024634,Group_B,0
46320.832310868354,732.702893435112,Group_B,0
61660.063640926164,555.403954223485,Group_B,0
56521.49111699928,676.5596394765548,Group_A,1
44357.65893154851,669.7346519688596,Group_A,1
47992.655532259385,736.7669113171075,Group_B,0
29376.562874450272,694.0739504714833,Group_A,1
46427.39384038002,459.8167606616015,Group_B,0
46004.18764986567,587.2176602275207,Group_B,0
53482.54834439384,661.0564103482624,Group_B,0
41670.091717714764,634.4016091104171,Group_A,1
57073.07783817709,688.2088583805416,Group_A,1
65190.73726729743,713.1493244535765,Group_B,1
52331.43991502699,698.6761389143743,Group_A,1
55276.34612598805,632.8580045956428,Group_B,0
50797.330213668014,502.2930391103616,Group_B,0
50001.26589637121,613.5615000916146,Group_B,0
39176.62949685729,683.3094518511164,Group_B,0
54747.41392509962,562.7642197959618,Group_A,1
48540.70102379766,700.5019784097261,Group_A,1
81397.52463395892,722.6714637813843,Group_B,1
73600.32353712863,660.1493581036674,Group_A,1
55787.698288347514,404.8976106950083,Group_A,1
38554.14185457848,547.7529309830558,Group_A,0
33313.82792024873,800.8951326844865,Group_A,1
67867.14429633298,606.2769765577298,Group_B,0
53941.238377207075,491.26854214968034,Group_A,1
57202.15105087416,748.8197910648217,Group_B,0
23831.21019538711,651.0684473234938,Group_A,0
63911.57722337271,738.3952391166181,Group_B,1
56816.305073215444,672.1566940175492,Group_A,1
33343.53973378283,686.6847308969735,Group_B,0
42927.12788825077,679.0407398171614,Group_A,1
53955.75806534779,705.79906495368,Group_B,0
50787.00197534366,832.1944358844878,Group_A,1
45617.432212946675,727.6805068767351,Group_A,1
48447.675979010586,523.5728545723572,Group_A,1
46220.33932689672,685.7329212223123,Group_B,0
52288.43768153703,741.3184614482574,Group_B,0
72072.37959489736,746.2160645228917,Group_A,1
11500.123386030536,615.871601355272,Group_A,0
46447.246032354735,743.1955556150502,Group_B,0
52647.686320586705,724.2193919640964,Group_B,0
54439.909845306494,855.8013949575784,Group_A,1
44421.28128018065,589.9998611001191,Group_B,0
23649.173262821263,609.407953887966,Group_B,0
54919.93225571165,625.5104761232037,Group_B,0
75910.25321246278,610.782227996898,Group_A,1
26992.078926257935,578.7983400189117,Group_A,0
62957.42020547282,428.98595954610056,Group_A,1
45072.12165315659,615.2240421021493,Group_B,0
49080.13481256729,679.5486447759923,Group_A,1
34206.522339440766,610.5422523595272,Group_B,0
44983.15741466185,804.8304946823288,Group_B,0
69500.66892048437,651.070065017269,Group_B,0
58739.8286298156,753.2823244147309,Group_A,1
75984.67408114916,670.9136330183975,Group_A,1
67661.1783346654,716.1125847914607,Group_A,1
56586.30018394364,672.339324314685,Group_B,0
76159.01789251689,759.502770552285,Group_B,1
56584.89738107448,654.4751480105921,Group_A,1
62419.82265195588,689.6896566471029,Group_B,0
45551.43569697937,679.3066346920035,Group_A,1
50998.18723788807,626.9371633498145,Group_A,1
39538.64265049585,682.3985855139741,Group_A,1
64843.75901892279,828.7508996958145,Group_B,1
32325.445653277016,628.3682446323646,Group_A,0
61735.25513626492,683.5571914282599,Group_A,1
47140.23413742261,750.6223160695554,Group_B,0
67568.70640200979,741.2202624755424,Group_B,1
61263.0348309689,650.9373134175493,Group_A,1
77309.69236470203,459.32890376341106,Group_A,1
60961.62036707967,691.3362254918773,Group_B,0
26419.39616520139,472.4420593101558,Group_A,0
48995.70240652699,767.5949784752985,Group_A,1
32419.892111077763,663.5579096954608,Group_B,0
42225.80236450588,729.9739215897591,Group_A,1
72668.42649915082,577.8311089455159,Group_B,0
59563.00716346544,525.7994021359957,Group_A,1
39516.043571318805,670.8603507312934,Group_A,1
34794.23950339402,647.3117248035087,Group_A,1
50491.73139314391,610.6767339074268,Group_A,1
31751.597759283082,656.772902458621,Group_A,1
39932.895839051285,871.3948713625808,Group_A,1
54680.14207326866,716.7620437895246,Group_B,0
67329.68054160045,733.9598884690655,Group_B,1
59131.4220833666,717.5149513242684,Group_A,1
15630.657371028501,768.3569715081754,Group_B,0
54565.5009354539,634.7942661679405,Group_B,0
51080.50359848867,485.6190953859765,Group_B,0
56208.3542805904,634.9131093595192,Group_A,1
74243.14522476812,714.9388567997202,Group_A,1
19051.42584792886,572.4159683907941,Group_A,0
41133.448622133415,635.8907239608536,Group_A,1
58863.59484190032,594.658420559815,Group_A,1
26276.084008190865,770.1623401474504,Group_B,0
72139.23572080264,709.9565612325251,Group_B,1
55525.34919050988,702.1232496515167,Group_A,1
62698.75978765106,699.7281050496777,Group_A,1
41435.845077173086,647.0200597958299,Group_A,1
62206.45534949316,665.8045026022003,Group_A,1
66027.07333983558,555.1852335574146,Group_B,0
53493.17030205752,475.0846416999546,Group_A,1
53516.01339048044,662.0064904276019,Group_B,0
54055.148589225886,675.9192205017715,Group_B,0
37049.821028909275,746.7411654740301,Group_B,0
47787.0697963947,775.7068652865894,Group_B,0
47712.16201321462,775.5998787999157,Group_B,0
55750.907965302424,570.1581125364897,Group_A,1
64997.36370365442,621.8187972040184,Group_A,1
34121.95877032386,688.4267436705104,Group_B,0
48124.864545206336,852.5523742193742,Group_A,1
72221.8332148846,768.4079362971133,Group_B,1
38846.17656781153,739.5517729598704,Group_A,1
37666.249740645195,618.9769635560567,Group_A,1
53034.592877467905,579.34402950759,Group_A,1
62665.7778572798,713.1126306706592,Group_B,0
50171.39083340989,561.9470988612512,Group_A,1
69934.40885655483,630.9250919215758,Group_A,1
62851.9097384979,640.8177640798461,Group_A,1
62627.30100335093,777.4329671298246,Group_B,1
58311.7475198614,621.6242157632258,Group_B,0
84914.79650519128,454.86002891419076,Group_A,1
46922.574667009336,690.3555718129975,Group_B,0
19947.16561900229,594.0782517516859,Group_A,0
74063.81542275712,653.4104819550197,Group_B,1
43134.50853564762,643.0636239326301,Group_A,1
51618.206665145495,628.1036803345785,Group_A,1
69643.26027290791,713.2272465427764,Group_B,1
25966.10688411612,527.3708097317834,Group_B,0
31225.291788407907,608.6388620036512,Group_A,0
25980.830943217195,704.7230330493906,Group_B,0
38087.95564961864,600.8732179724506,Group_B,0
56594.549090254906,521.2954632584023,Group_A,1
57862.81764219156,703.4844274605389,Group_B,0
54144.112689928304,739.8475704353232,Group_B,0
28808.511741614504,646.4003833885595,Group_A,0
15348.44845051034,493.1323521224374,Group_B,0
50815.303780855735,706.4775797359052,Group_A,1
42923.359495424964,517.208969486425,Group_B,0
56890.786575749175,674.7039421478532,Group_A,1
60529.30439331905,579.0028940206272,Group_A,1
52073.62148088023,557.2128571386428,Group_B,0
61401.9962806378,614.6471986336248,Group_B,0
53438.170611726026,635.3361954858192,Group_B,0
57950.970584022,598.4633399690841,Group_B,0
39429.90105695176,697.0962622572121,Group_A,1
47305.82879252812,614.3144497232933,Group_A,1
52951.64144985436,728.4152697337457,Group_A,1
62307.927131261284,672.4938532514784,Group_A,1
44093.882416631415,594.1954234722954,Group_A,1
57817.50883598169,580.7248092934171,Group_B,0
46012.418121269315,518.200296076205,Group_B,0
48236.867490078046,673.2586542293458,Group_A,1
62442.7856303611,621.6329962198913,Group_A,1
20104.09443418766,460.22435775491886,Group_B,0
30552.915078878585,607.142810178448,Group_A,0
27767.21903835769,577.9172776596039,Group_A,0
14995.758202275429,776.0542073736528,Group_A,0
39826.03339767235,513.7777110485353,Group_A,0
61241.5084959161,534.6919360212758,Group_A,1
45726.73900426138,738.797571448456,Group_B,0
52966.85122912778,758.5410525971171,Group_A,1
66338.26245066189,590.4013649019487,Group_B,0
69915.29198401538,599.4331341752871,Group_B,0
48962.93097910791,699.298831724265,Group_B,0
70303.78834354096,463.83201624437515,Group_A,1
51381.89987651164,501.1045052395555,Group_A,1
37439.02664258807,627.5413279319431,Group_A,1
41083.99471701897,773.9912452903301,Group_A,1
27791.952311524758,615.1415929466608,Group_A,0
36677.99219399522,658.0749433388123,Group_B,0
44629.74967888356,740.7031418051209,Group_A,1
62053.77529067903,818.5507786622517,Group_A,1
75811.54746748976,603.852122148135,Group_A,1
29267.2772693444,648.6530621013259,Group_B,0
55892.41202389878,795.7644177074274,Group_B,0
34391.84091263698,528.2240579846857,Group_B,0
57120.45632694803,732.2064856443058,Group_B,0
48033.7002396841,568.5347574110993,Group_B,0
22536.412612287044,658.1977893682525,Group_B,0
63924.45487352727,630.5904762079781,Group_A,1
40924.98930786904,573.3590719439017,Group_B,0
41991.49642439668,571.351845787338,Group_B,0
33953.713830654655,672.1131491403004,Group_A,1
40185.750849686665,729.6431462530146,Group_B,0
56418.356610423754,639.6211037449198,Group_A,1
47161.33488595392,655.6090526986574,Group_B,0
54929.930034237215,695.6939253032838,Group_A,1
55428.827808932656,572.2704981589632,Group_B,0
69809.92483292251,709.1754006730339,Group_B,1
44858.20773703431,715.5474477647798,Group_A,1
27847.132747314023,858.2901039000328,Group_A,1
66008.33624857974,619.9116647552335,Group_A,1
45027.67741854118,613.3534558665498,Group_A,1
66718.88666866065,711.5172697258996,Group_B,1
55750.65669773705,715.5283335129711,Group_A,1
48032.937046949824,607.193027729863,Group_A,1
55231.638410694424,617.7469858455961,Group_A,1
79265.1884018945,693.2904670574433,Group_B,1
81154.70793580629,583.7932607412271,Group_A,1
51040.71702699168,617.1572809587988,Group_B,0
52402.85889975613,657.1674213894747,Group_A,1
66143.60236199579,729.6750947857806,Group_A,1
37315.08450848979,601.6321107056367,Group_B,0
54996.05558927383,502.6092430375462,Group_A,1
49612.057280692155,496.6722025985431,Group_B,0
54708.623171863306,549.2469546635093,Group_A,1
37499.46791075891,544.946582544005,Group_B,0
26156.487600365464,637.6311393104073,Group_B,0
18905.248460130624,554.8895877121915,Group_B,0
33239.238305155886,593.7796032143037,Group_A,0
43119.870725910005,588.073129201436,Group_B,0
45602.12620026857,614.7593711321605,Group_B,0
79058.46743644275,755.8003465218497,Group_A,1
66589.90054860947,702.9558071544413,Group_A,1
35568.63325487559,651.2903532220803,Group_B,0
55215.626786764355,613.117897553533,Group_A,1
43893.826454745125,615.3413874701583,Group_B,0
45734.54242939857,676.219717596156,Group_B,0
52779.88474123073,696.7335258681832,Group_A,1
59287.5667546309,577.3905995119519,Group_B,0
44911.12274173977,652.9184604491385,Group_B,0
65957.77299101537,487.4704345069579,Group_A,1
32870.92660786394,666.9371027336477,Group_B,0
50095.08593543403,710.9719393566949,Group_A,1
88965.10589893749,627.5945098495299,Group_A,1
53346.19613937913,795.3221596912084,Group_B,0
71498.21759909259,579.500924205116,Group_A,1
51372.802672598125,667.3952332242609,Group_B,0
58711.65642994695,647.1340202667236,Group_A,1
49148.25208410963,641.9761866045274,Group_A,1
47443.886282536936,640.8542265596202,Group_A,1
38307.764049118705,658.5684024007577,Group_B,0
56454.5203843633,717.836699477096,Group_B,0
37226.94216221348,760.2188989019795,Group_B,0
59983.77854470144,649.8199804396675,Group_B,0
66279.30506668866,715.2252857737307,Group_B,1
55497.97110855845,593.8586442986574,Group_B,0
45706.26899666462,711.2764362180986,Group_B,0
56809.48368963044,589.0406780938408,Group_B,0
45369.90416680381,737.2527948870505,Group_B,0
64033.20688197724,826.8512701914592,Group_B,1
22528.908736773144,640.2332889622886,Group_A,0
44965.889478220306,474.5965207354073,Group_A,0
20137.820073140032,606.1541653404141,Group_B,0
27574.087546591923,748.5500107431443,Group_A,1
70457.93344720863,694.2461429620196,Group_A,1
63427.77472957529,669.9130878940024,Group_B,0
39207.796500728145,730.6934684763871,Group_A,1
27462.448159386546,688.7562751398738,Group_A,1
5532.067432375232,747.418014996091,Group_A,0
41847.56738101048,723.5538941317589,Group_A,1
86306.22518371104,771.7360362189568,Group_B,1
56523.26407195471,678.7036867125004,Group_B,0
41606.41570925766,722.4207521195164,Group_B,0
56976.20314250459,625.4298341531372,Group_B,0
26585.624705083355,601.8831350752795,Group_B,0
45540.149559535465,786.5414112335179,Group_A,1
51492.162095236075,667.2963741058151,Group_B,0
48708.490222684275,714.3904452689903,Group_A,1
61862.091825351206,659.8992011529112,Group_A,1
55169.67839354079,603.0787479264029,Group_B,0
60024.89027161995,650.8786314065921,Group_B,0
39674.41576653861,764.8795214214172,Group_A,1
63467.23112615822,694.4192059423539,Group_B,0
74434.05421435987,513.0821472215632,Group_A,1
35447.75720522881,632.7804434739077,Group_A,1
36684.5651642816,792.583503416377,Group_A,1
70036.7650448035,632.8962510520035,Group_A,1
47129.84019957409,505.96170466126557,Group_B,0
71057.32088099836,801.4439108338036,Group_A,1
43361.96432161724,704.5914007850234,Group_B,0
71825.68364406067,644.3989712949759,Group_A,1
51972.287252081784,620.2865811134345,Group_B,0
53873.43234984043,736.5881543833389,Group_B,0
73470.77032504856,606.6413279819046,Group_B,0
44573.44283833743,741.860513961279,Group_A,1
35883.168561125625,693.3756228579405,Group_B,0
43271.53687957468,669.574554038988,Group_B,0
56785.00925964708,661.6411844268476,Group_A,1
26513.613917292285,636.0025570628658,Group_A,0
59562.06353976682,733.6512096167412,Group_A,1
41918.43023573385,580.7725734318533,Group_A,1
67217.18991100346,520.2459898535833,Group_A,1
14086.095426492924,699.155209831398,Group_A,0
38201.51337343747,700.4990662453719,Group_A,1
24702.97773148847,688.4192922009413,Group_B,0
37606.55800454071,682.6182695694431,Group_A,1
53714.98851663415,624.3567697329962,Group_A,1
47311.60061825368,712.998616350842,Group_B,0
46199.33646577978,646.3553498596367,Group_A,1
47612.22692929909,611.0309151347858,Group_A,1
53050.82360929915,625.048695019568,Group_A,1
34871.95937085338,811.6511759020666,Group_A,1
60602.74461348576,511.2019134363654,Group_A,1
59939.98955578226,689.9830483436639,Group_A,1
55775.56906484152,515.6711657901026,Group_A,1
58348.001641268944,641.3413329341621,Group_B,0
54446.27001212989,615.309801187665,Group_B,0
80526.09954096601,483.19773626560976,Group_A,1
48693.58743421235,681.123007234701,Group_A,1
45393.751724981346,619.5969550246243,Group_A,1
38697.08629463933,482.06349259510046,Group_B,0
34516.059941332445,717.1654472619401,Group_B,0
31332.92318598387,764.8004942391148,Group_A,1
36668.040301536224,769.2099473837258,Group_A,1
48939.794275218934,678.7165152521177,Group_A,1
55014.42692746572,653.6846510861692,Group_B,0
50767.13087828243,756.2525296716638,Group_B,0
38516.970838554305,784.5906868272078,Group_A,1
63502.76846029945,740.68549623005,Group_B,1
61091.190084514215,574.676991821616,Group_A,1
47605.27538866975,666.1075882571938,Group_B,0
40206.25783002932,685.1612915433143,Group_B,0
58226.418812446995,505.23064248662166,Group_A,1
52819.60381229156,687.548852769662,Group_A,1
28278.091108774286,831.8393460783511,Group_B,0
48980.29616023393,701.1948932640634,Group_A,1
53930.53718111572,767.8730465153405,Group_B,0
36504.5782026837,664.6331784102964,Group_A,1
52847.65089256164,644.1425340812942,Group_B,0
28177.66272113316,680.501711206478,Group_A,1
70042.79150018256,584.7338681612454,Group_A,1
68719.24977589148,572.8979850212489,Group_A,1
46212.239985455526,751.3043645735493,Group_A,1
55451.815067586096,759.7873874293215,Group_A,1
13851.170513001874,570.711494753012,Group_B,0
32654.78509602001,727.4399043643092,Group_A,1
45593.31619771805,643.0432019515183,Group_A,1
33918.00467859711,677.1846859592345,Group_A,1
60715.947239459885,686.8174911548051,Group_A,1
79959.4479612199,729.5480374499455,Group_B,1
32350.77920856047,656.6174561490551,Group_B,0
37438.04893872211,762.8129596241549,Group_A,1
53531.72552464895,674.753027180794,Group_B,0
74166.74222749431,699.9347417975627,Group_B,1
31664.385311901453,583.3389926770203,Group_B,0
53735.541834604126,822.6927208563867,Group_A,1
77319.48276219663,687.5859938563973,Group_A,1
25223.61277731099,707.039794027608,Group_A,1
30783.961897312518,521.3451351030767,Group_B,0
43645.90090308743,584.1838381536719,Group_B,0
42191.17380716884,749.0306950334984,Group_A,1
62189.01931630467,672.9512894634083,Group_A,1
53624.89579731257,496.8976212136859,Group_B,0
23375.569105368075,733.0631943187055,Group_B,0
57731.156043512165,606.4973756517821,Group_A,1
41336.916689665246,762.905358870137,Group_B,0
69116.70825411858,642.973145711704,Group_A,1
40586.1869534462,666.3765348816424,Group_A,1
40450.770753466466,744.3163662873319,Group_B,0
58116.97416206797,578.200562331627,Group_B,0
61443.89723505405,570.5722553732849,Group_B,0
56721.49045904305,634.2801263681514,Group_A,1
24716.040239227877,716.1738239696978,Group_A,1
58070.516598923765,543.5298197909208,Group_A,1
34485.37922488402,516.5572320088722,Group_A,0
53529.14167382395,715.8976741635033,Group_A,1
28643.983469014096,601.7617349946397,Group_A,0
56694.83221314596,618.6219189663774,Group_A,1
37901.01643538941,501.45516784478673,Group_A,0
30760.480246092175,595.6816548518415,Group_A,0
60707.30204723599,649.394616269508,Group_B,0
53624.66782515127,724.4302286098314,Group_A,1
40790.34797910655,588.3015867012289,Group_B,0
71767.68273531596,782.5900896185997,Group_B,1
43390.213676453866,595.2355180656159,Group_B,0
50481.61510956402,595.352655873186,Group_A,1
54033.70171517901,772.9886041518241,Group_A,1
40705.0109880708,666.9168121891133,Group_B,0
57067.044400998944,605.8380216790739,Group_B,0
41998.214792529136,637.5893495055525,Group_A,1
43825.42516675686,758.2458862033648,Group_A,1
70439.63959705012,767.2962255700545,Group_B,1
34391.20921231351,584.6565456583795,Group_A,0
13808.29503605765,646.6052951936714,Group_B,0
74164.05492517841,657.2125462134059,Group_A,1
88239.91928910505,571.1007911586722,Group_A,1
43920.96101826002,645.5451957880005,Group_B,0
20947.42939069722,650.425828836136,Group_A,0
45342.740357060844,741.2167583149388,Group_B,0
45706.65575238996,746.5940022648961,Group_A,1
47151.14238466614,623.6632481312794,Group_A,1
33299.17937117227,632.8837484911351,Group_B,0
58693.41713714716,703.1433841644508,Group_A,1
57867.61062929129,603.184924085839,Group_A,1
27583.9157027104,697.0912121389922,Group_B,0
60487.950975423315,642.9674810104628,Group_B,0
80790.27472918836,572.4481137809104,Group_B,1
52579.4049865559,573.4530629696283,Group_A,1
44940.12256897241,765.7646956824882,Group_A,1
47869.95178388718,637.4862816685361,Group_B,0
59228.851504528415,781.2283275118649,Group_A,1
24039.925917391727,608.9090991428072,Group_A,0
52465.86054465953,673.2964160905194,Group_B,0
44143.04075805785,841.4141378414593,Group_A,1
77717.37519434068,565.4090604269377,Group_A,1
47387.40899292563,498.1748400080179,Group_A,1
75018.3141667928,752.9272105029786,Group_A,1
33443.88953326989,583.8552715685541,Group_B,0
58808.887502041885,648.3434908715013,Group_B,0
54791.00395686843,603.1265431638732,Group_A,1
36964.291282028265,671.4530224764253,Group_A,1
52660.9417195541,573.9571034251406,Group_B,0
68187.782552474,635.6047929693356,Group_A,1
45143.124435700985,685.9852261245228,Group_A,1
24620.560262453553,569.3352890980591,Group_B,0
49736.557602838315,593.9932776283289,Group_B,0
36463.65357811231,622.2093733121175,Group_A,1
44864.885920041765,535.6947652618977,Group_B,0
48776.183454723185,616.1951213761002,Group_A,1
24415.21675976724,659.5037231922322,Group_B,0
25765.12491018983,618.0360846729258,Group_B,0
57231.00253288288,628.289880565462,Group_B,0
42159.219557454795,648.4078663274731,Group_B,0
11528.834872691492,597.5405230054149,Group_B,0
61772.660549122025,705.2850052693502,Group_A,1
54085.5463291136,764.878249984142,Group_A,1
39291.87763945274,612.8495686243641,Group_B,0
30247.546834126377,688.8158585182166,Group_B,0
62537.11844471506,630.8306275652283,Group_A,1
55240.259338406446,679.2389876030804,Group_B,0
85739.0342402611,775.2623624962604,Group_B,1
56302.82898087406,690.6927634414479,Group_A,1
55815.54711893022,508.12683689522555,Group_A,1
47496.081048371525,686.3196505157567,Group_A,1
62251.63800801187,748.6290994647208,Group_A,1
59376.2780187223,632.2723064001518,Group_A,1
68775.87512847793,729.6507844894265,Group_A,1
42180.15622044073,594.7907567078444,Group_A,1
43468.887905840566,531.1568672382181,Group_A,1
42813.452436320295,661.2935215066112,Group_B,0
61862.02581768484,509.48186234029487,Group_A,1
72475.61660445097,630.8183189685127,Group_B,0
43117.39260276049,752.9473810116402,Group_B,0
43628.39408310363,497.2189675402975,Group_B,0
54711.15835804699,547.6402563268882,Group_B,0
46313.57749980648,567.4374203870738,Group_B,0
64280.804797098346,644.9344112231232,Group_A,1
16223.340640714297,620.7426571483032,Group_B,0
37599.42429624658,761.930910535687,Group_A,1
38263.75499057831,726.3478663273359,Group_B,0
15194.65981420783,689.6218356854879,Group_A,0
35545.42333446794,661.6504251475108,Group_A,1
36272.65826231111,681.4583821587862,Group_A,1
46983.43018221755,581.04141157493,Group_B,0
66694.48837490396,718.576828284529,Group_A,1
46324.09023213947,561.036459651264,Group_A,1
34537.79419593269,716.8301595121785,Group_A,1
49145.68188179706,744.8914001695065,Group_A,1
65737.60432162024,666.869168167047,Group_B,0
35360.61775827643,635.9029552830419,Group_B,0
36341.376741178276,682.0247926647738,Group_A,1
58378.23438911335,421.0785303919462,Group_A,1
46676.95826403799,674.1806574788369,Group_A,1
59712.27036064211,640.9316801728154,Group_A,1
49795.29812307055,645.9497509554407,Group_B,0
60524.95472134351,706.5226010318262,Group_B,0
34473.82828939039,644.0184862748217,Group_A,1
49818.73023817599,558.7834514679073,Group_B,0
46839.64978455265,638.6877863339697,Group_A,1
31761.63613843804,655.404438726466,Group_B,0
26547.830781969675,659.194712926481,Group_B,0
60286.23552911993,662.9535493828055,Group_B,0
44735.71426673033,733.1495235934842,Group_B,0
34665.795775290055,563.1172357572682,Group_B,0
48557.31594615002,664.056036493188,Group_A,1
66920.28286023953,753.1943758894593,Group_A,1
15788.932319421154,511.2310802450244,Group_A,0
27550.419651450105,664.3717344624043,Group_B,0
36156.703371570984,603.1697198421565,Group_B,0
71917.68300080493,620.3431692421516,Group_B,0
54238.80474378945,577.6153997428462,Group_B,0
61509.7586069184,636.4359427439645,Group_A,1
32897.58621310654,797.3004491541524,Group_B,0
33206.961870942105,548.845571105823,Group_B,0
56717.20575084066,556.4311998016938,Group_A,1
50874.1149640317,545.8452343869196,Group_A,1
58231.0822829619,788.1934629302481,Group_A,1
47184.93513607322,613.012823558297,Group_A,1
54172.15589681941,647.948875172186,Group_B,0
52371.78627357664,617.7773647115008,Group_B,0
61666.51083627388,574.4461697277527,Group_B,0
62105.12422916706,631.1879482708451,Group_A,1
25701.920084123452,846.6594884589248,Group_B,0
16290.971669887163,761.3656736779404,Group_B,0
65026.180964772604,581.7649745766182,Group_A,1
67815.87639892905,701.8059282449349,Group_B,1
34690.65470729994,583.4781781866899,Group_A,0
22102.46890181557,507.89058889230233,Group_A,0
51485.52231510801,731.5608734131704,Group_A,1
63962.57339525794,742.807427731484,Group_A,1
76963.91783651472,733.684180083832,Group_B,1
57744.46358152176,612.4107800624342,Group_A,1
44424.249551214576,636.6579412798411,Group_A,1
36603.04067622706,709.9812442926499,Group_A,1
50171.76937505982,681.3196829878485,Group_A,1
45511.029441721155,618.5090022962364,Group_A,1
34773.98141406776,520.4742543905468,Group_A,0
80731.3347629493,659.110015531361,Group_B,1
76777.52603108197,736.3207711388891,Group_A,1
67040.73025333142,554.1929368772675,Group_B,0
36187.244032863084,701.1007505340782,Group_A,1
62825.289864459184,676.5233356106954,Group_B,0
59594.396142468526,710.0118610585866,Group_B,0
56638.18436306079,719.7580399775206,Group_A,1
68744.97900565666,594.4427806459718,Group_A,1
59530.56714291916,520.6432479868043,Group_B,0
61100.213544565035,607.3184379453696,Group_A,1
59553.59425058315,721.1301854021606,Group_B,0
55111.87112003159,606.6396877179224,Group_A,1
23245.83305428725,594.4765340913887,Group_A,0
51254.31616115836,504.29197264602897,Group_B,0
41657.12061726312,790.2118043640751,Group_B,0
30802.385635399693,716.0570913140248,Group_A,1
75227.24928951236,711.5916785019812,Group_B,1
75934.93011328555,727.4180309423579,Group_B,1
70388.30900443418,696.1366689234721,Group_A,1
53828.20125283812,630.4536915856377,Group_A,1
70259.37681428985,636.8988716702239,Group_A,1
50180.797709027385,615.79485083263,Group_A,1
53041.95915346669,860.7792603532,Group_B,1
33597.92944307026,694.4729625039554,Group_A,1
55954.8695674826,612.8959646918852,Group_A,1
50905.78892636626,687.2397419333024,Group_B,0
30460.218247483033,569.1304865714947,Group_B,0
49232.043322751044,770.3605374871381,Group_B,0
48804.056542147875,597.1144723354288,Group_B,0
76963.4174996696,690.0868346097973,Group_A,1
63413.19992770114,735.2782103794508,Group_B,1
50171.68158637199,680.7814835363994,Group_A,1
53731.80964701624,657.557599345571,Group_A,1
50663.18567156297,650.8641667884812,Group_A,1
46956.290228066784,645.4847122490314,Group_B,0
33763.592039175695,603.8641208857998,Group_B,0
47734.22183589606,614.0413256184237,Group_A,1
38808.5261502123,768.3672298920748,Group_B,0
31245.266916152803,641.3170693851874,Group_B,0
57668.32721821302,587.1362984493782,Group_A,1
55868.969898998526,608.6961922510793,Group_B,0
23199.38732947883,738.0296544557779,Group_A,1
48159.73043757309,704.0485306531583,Group_B,0
64935.52078849885,694.8263342585806,Group_A,1
65888.35608344481,629.3983040872167,Group_A,1
65387.552643278585,695.8689976138356,Group_A,1
50583.6981035219,598.5151100039482,Group_A,1
37324.320080462734,629.2308774923381,Group_B,0
33744.51758962909,727.5843589913396,Group_A,1
55169.073571255365,719.9422143135251,Group_A,1
55689.200515477445,571.4472123239358,Group_B,0
69309.96667407599,581.5578837673139,Group_B,0
66499.69475513126,658.6961722250728,Group_B,0
48016.57015203242,788.0905899735608,Group_A,1
31336.91181708696,496.7547868424805,Group_A,0
45213.40104483653,672.2666351656403,Group_A,1
53258.46792215787,539.9165334741481,Group_B,0
46968.75131915894,599.2535205179563,Group_B,0
41331.588378835164,620.8457265548607,Group_B,0
53793.272224548484,616.3593325250488,Group_B,0
42440.63387884085,607.2963248272633,Group_A,1
40579.00874411939,650.5765648301096,Group_B,0
54671.79251455159,607.1795546695537,Group_A,1
43970.11129806193,533.0034092116678,Group_A,1
53661.56583467528,712.3895690018221,Group_A,1
54098.06034278184,710.2297733719105,Group_A,1
32908.56498362638,717.4539448018136,Group_B,0
42781.383142018814,526.7412402988734,Group_A,0
71566.65409874693,673.913452206732,Group_B,1
32568.80730898569,704.0783084645539,Group_B,0
18250.183265442036,567.5038345248332,Group_B,0
22072.322701362325,650.7338598545704,Group_B,0
50436.64919865004,640.6986683751708,Group_A,1
50463.759170490484,797.3720526854611,Group_A,1
48235.837168623184,803.9596829610059,Group_A,1
68212.84743392753,516.851488533584,Group_A,1
9907.48350345593,849.5141604582392,Group_B,0
55939.008116462355,576.7819423077341,Group_A,1
73421.5730270536,728.453863546194,Group_A,1
33083.288526624296,727.6398384690984,Group_A,1
44302.902323151575,570.3447818526555,Group_A,1
38706.62124157068,689.461423507128,Group_B,0
36584.809308837066,641.3973004587149,Group_A,1
45106.0699246544,694.3464003705913,Group_B,0
71412.27925526757,668.45378419045,Group_B,1
77560.80013231281,745.7071588296197,Group_B,1
44960.911624397784,656.031963451685,Group_A,1
78575.90321096705,636.5700744458951,Group_B,1
50533.64715476937,737.6851386445744,Group_A,1
76305.36540051621,696.4316771886882,Group_A,1
48600.520255197625,708.545071545671,Group_B,0
51965.86739069216,596.8330662193123,Group_B,0
55482.11708964252,566.378977488122,Group_A,1
97682.80519051303,604.5822285397838,Group_B,1
62769.283622671835,600.3342891455529,Group_A,1
39391.03205072805,712.8959414922332,Group_B,0
64534.96805413787,728.0787240235242,Group_B,1
44572.51194373488,637.589576837408,Group_B,0
42653.74725648186,764.4735215059482,Group_B,0
63629.02039838167,759.4775515012104,Group_B,1
50466.283816567295,669.4719133120432,Group_B,0
54178.638717677095,584.2486582765569,Group_B,0
50209.77832797939,776.0301319548432,Group_B,0
55048.74689908152,645.1186119177273,Group_A,1
56374.488461542234,660.093215714478,Group_B,0
20945.49600941877,622.8315979514745,Group_A,0
59998.590029143,578.8167738962242,Group_B,0
35269.70870254549,532.5088455747766,Group_A,0
28365.512966608832,700.629465884583,Group_A,1
49123.83134211976,587.3279156882704,Group_B,0
51259.71504971681,894.7624983197459,Group_A,1
39597.40753141579,563.1141133910016,Group_A,1
62465.47786501962,549.4094020014904,Group_B,0
29867.372504436396,690.8110972490753,Group_A,1
43895.843768411614,772.3450783173836,Group_A,1
41226.88797600499,655.1671725554577,Group_A,1
49301.19094490991,695.7793936149819,Group_A,1
54182.96426970858,502.5162066033032,Group_A,1
34881.60575564683,595.7990763446587,Group_A,0
60864.24016184342,564.1107416689947,Group_A,1
50945.035525020496,498.3963320041695,Group_A,1
21620.80620032134,659.358418721911,Group_A,0
20621.128394044536,470.5737902711653,Group_B,0
49815.21060606033,544.2243227130041,Group_B,0
46685.49023320469,607.0244964789266,Group_A,1
48448.6982963805,583.497133123914,Group_A,1
49580.26315204673,681.7126801765654,Group_B,0
53383.39759265271,674.4464153521984,Group_B,0
64214.744147724494,721.5038996748366,Group_A,1
33333.426486236625,710.1906986170143,Group_A,1
32420.426106488077,741.2650231489105,Group_A,1
33600.14213168927,649.8465279992756,Group_B,0
54333.7500075306,674.2773520653336,Group_B,0
68674.21067969668,690.9210961535352,Group_B,1
43529.908426407346,661.3325357912821,Group_A,1
12474.502337605183,618.224455206634,Group_A,0
24440.107060844366,623.4045972528183,Group_A,0
37504.449158059826,584.5953281336027,Group_A,1
41634.06668757178,683.7293463927864,Group_A,1
43874.17059117911,642.4787860731875,Group_B,0
50578.71684471376,596.9460999490589,Group_A,1
45323.80503766329,597.0204144540326,Group_B,0
65740.0941581511,553.1681017773769,Group_A,1
39859.74041477947,728.307307298976,Group_A,1
37065.230607866855,656.289413562543,Group_B,0
57183.133077806924,580.9759984341384,Group_B,0
26965.368951108212,714.6838199681615,Group_A,1
55845.375579800035,605.1640952164502,Group_B,0
51538.297755894004,537.4799498390214,Group_A,1
47788.362651227486,731.6977831375307,Group_A,1
73824.14160723894,607.0322408347109,Group_A,1
40666.88832057923,617.2880727832968,Group_A,1
80904.47255786118,653.2944016279342,Group_B,1
46618.52826157851,741.4071378232092,Group_A,1
30844.753325446578,651.6029832693049,Group_B,0
51048.79371492238,554.0706299083815,Group_B,0
33856.32199521847,693.5101603289744,Group_A,1
38723.66228279749,611.200822059062,Group_A,1
55955.49950023237,801.0339177223573,Group_A,1
58333.73132975187,649.9104222401688,Group_B,0
40667.48449618612,471.19716016810673,Group_B,0
64811.07717569601,678.5891977724539,Group_B,0
67362.616370317,805.5678233808183,Group_A,1
71544.52634844936,776.0736230836312,Group_A,1
57941.201106885834,796.4763431005252,Group_B,1
70451.43068128548,568.419185169483,Group_A,1
21788.023580389134,722.9721916781423,Group_B,0
45231.40177057306,592.2404368210631,Group_A,1
36994.92115514861,667.943151953354,Group_A,1
51788.387916910884,548.1638057008214,Group_B,0
41428.261712048945,598.4435388093827,Group_A,1
47507.632370754014,595.9002642109108,Group_B,0
78232.62320306074,721.8844224114093,Group_A,1
47454.20305369433,714.0575297335724,Group_B,0
56206.88475785321,672.1455783464656,Group_B,0
46515.96005113647,541.9662865555691,Group_B,0
51135.699319352505,625.0688452840224,Group_B,0
50090.25020654107,590.3106813645819,Group_B,0
56724.86098959739,719.5740605355593,Group_B,0
67479.61303320766,744.2547882253748,Group_A,1
74710.90996404993,734.5108468824707,Group_A,1
54644.3012286375,589.5824464466384,Group_B,0
58843.20329053403,430.8373502168416,Group_A,1
32737.032362216494,508.64304814959564,Group_A,0
48681.84886376569,763.7301582465767,Group_B,0
64104.34197325383,617.8996048544141,Group_A,1
62989.5295762573,589.942030538791,Group_B,0
53174.145991925754,781.4128234748987,Group_B,0
63295.90939351929,751.2127956390661,Group_A,1
57361.50063490728,651.9558977535829,Group_B,0
68004.59387388983,626.5277527148821,Group_A,1
54340.387354356666,639.4319029749499,Group_B,0
44664.52526643448,668.1730238709973,Group_B,0
55037.61885399536,778.0037825055687,Group_A,1
6041.084362208363,683.7973939389782,Group_A,0
55743.28604577574,708.0823226431313,Group_A,1
-4726.192378221756,743.5416087256137,Group_A,0
24148.04888891873,556.4259199180465,Group_A,0
56776.52901411476,710.3889513979234,Group_B,0
57162.94005900193,626.4344996270711,Group_A,1
32563.56829790104,448.7123843381787,Group_B,0
39318.46937181592,479.746436641135,Group_A,0
70558.11482921198,568.5505910785051,Group_B,0
42739.54802640986,692.4978582874065,Group_A,1
83643.80468604478,659.1039652272237,Group_A,1
49971.202202354805,664.7493365740531,Group_B,0
56120.542653219,806.0754786149354,Group_A,1
74253.11597747912,548.472830811215,Group_B,0
51965.406742901294,647.8053316653021,Group_A,1
34964.840289637985,674.3548418251053,Group_B,0
48354.08822458565,591.0981506769332,Group_B,0
49465.83895714863,652.2661396066353,Group_B,0
29528.875216976518,522.0040532732525,Group_A,0
46162.51892988765,762.7924973820022,Group_A,1
38867.11859003845,595.4708357975653,Group_A,1
63865.36635781151,812.5120131822803,Group_A,1
50519.178112778834,647.4020540866036,Group_A,1
45758.06376278645,732.2442852319347,Group_B,0
48407.271040661355,645.7357704807076,Group_B,0
53346.83027609249,647.5404934191577,Group_B,0
59252.212995346694,603.2776533422393,Group_A,1
35004.31656995928,659.5299143493022,Group_A,1
34376.18551068092,675.4398955531238,Group_B,0
66570.18823103796,587.2593192867856,Group_A,1
43814.94691692904,639.9964467312093,Group_A,1
28747.368611046888,601.1920907154309,Group_A,0
56657.19064074657,833.9731255691871,Group_B,1
56950.547090490305,642.8215384070705,Group_B,0
27039.271141149402,773.6185721357248,Group_A,1
53442.225731954095,634.3502135353849,Group_A,1
61033.746386425606,670.7430113227927,Group_A,1
55615.796775593946,544.2908742683785,Group_A,1
59479.72225642093,614.2341926505708,Group_B,0
28935.963528638764,666.8427736631397,Group_A,0
54965.602324942935,776.8803064767893,Group_B,0
45460.7036079433,667.7586222141017,Group_A,1
42758.14761913033,760.69762889544,Group_A,1
63058.3341412959,701.2583288162336,Group_B,0
72189.11766011345,780.1921071571749,Group_A,1
76915.55081900538,645.2766226155956,Group_B,1
69722.11807258858,841.2178168521443,Group_A,1
48353.987275547246,611.1683037668702,Group_B,0
55290.802445395144,588.6830532641865,Group_A,1
61502.34307676365,553.1957720248772,Group_A,1
51817.66923949193,836.4819737246456,Group_B,0
51961.462818673164,715.5558058094318,Group_A,1
62356.29697814273,623.2703413295753,Group_A,1
49110.76030961102,749.9218157498796,Group_B,0
39060.69595439508,705.0153748094226,Group_B,0
43782.904012462124,807.2901977100472,Group_B,0
59508.65566600613,526.1733733808071,Group_B,0
50044.89936799934,628.7711913348596,Group_B,0
55103.149653025066,612.998289284574,Group_B,0
60051.18863303285,492.10538588731185,Group_B,0
44377.378056535854,734.8261763823755,Group_A,1
61343.722454447096,628.3682755357313,Group_A,1
55682.639051875914,709.170496398925,Group_B,0
31477.80369632782,838.781754746369,Group_B,0
71634.57186779367,621.7405046537914,Group_A,1
42488.82884364626,616.3077613874276,Group_A,1
25173.569852222245,659.4931335779197,Group_A,0
34324.34435620547,728.9797882386728,Group_B,0
34684.32258982517,604.662957975188,Group_B,0
50782.599779863005,599.5230722294295,Group_A,1
45892.24241680644,734.5751416193093,Group_B,0
44947.520485391105,680.2911459070428,Group_B,0
59295.52948223718,486.42173895961434,Group_B,0
55098.130417890556,551.9686560424714,Group_A,1
54740.718059664294,770.0988691061768,Group_B,0
56147.42685993039,682.154262646305,Group_B,0
59242.020020033575,589.0243255170201,Group_B,0
18380.699873338355,636.3672274212014,Group_A,0
44533.42621603308,651.0589338241336,Group_B,0
17296.84903265789,708.858668822413,Group_B,0
50540.89890196693,541.3389284112968,Group_A,1
49930.50541663482,582.7240689063633,Group_A,1
65682.9841218452,671.8364603890711,Group_B,0
67814.51589081681,642.013233560364,Group_B,0
53041.62572378551,695.7487346109368,Group_A,1
42494.5838390465,551.6394082112322,Group_A,1
57277.416688186066,678.5702941017057,Group_A,1
42081.23544013529,737.3266895501978,Group_B,0
49979.11022834977,688.9454837719427,Group_B,0
64792.044754411516,661.1289391809273,Group_A,1
41633.42981015865,642.3293117947223,Group_A,1
62085.17958863752,583.2119077782799,Group_A,1
60161.020530384536,644.2401126048169,Group_A,1
35678.122743037675,750.7764682304324,Group_B,0
64608.41192326101,640.47771947199,Group_B,0
60478.49518057257,578.8156808521272,Group_A,1
51528.888310589864,610.6202328987691,Group_A,1
38565.14812958521,666.0680237820744,Group_A,1
37111.90972136645,620.1188802255323,Group_B,0
41935.06134645466,688.8242626450512,Group_B,0
58138.9169493794,691.8275008599225,Group_B,0
35665.62248897903,721.1186544323718,Group_A,1
56562.68372929805,763.8847577812027,Group_B,0
31373.667066824113,729.6686979497889,Group_A,1
46938.971233417265,575.2608748681632,Group_B,0
51644.71631861013,577.7172442738982,Group_B,0
86676.95217588375,643.938281883214,Group_A,1
29340.265167194488,613.9059714208469,Group_B,0
72080.218497352,558.9338618431245,Group_A,1
52247.6362098092,614.6646564661604,Group_B,0
56167.578770239445,612.0389653104769,Group_A,1
51775.21870082307,596.2521808191035,Group_A,1
56670.90227292849,624.7368411075995,Group_A,1
47694.723434569736,744.2760680254664,Group_A,1
71810.75272186188,665.9390432999392,Group_A,1
43152.93283662917,847.7447260844376,Group_A,1
66983.51858268872,663.6406548815719,Group_B,0
40334.49319680466,626.7947380850198,Group_A,1
49096.22230398069,650.3306306123893,Group_A,1
33920.56171564671,670.5193582754832,Group_B,0
56825.3558052128,684.8203165736851,Group_B,0
71676.889353898,816.1369060687218,Group_A,1
48839.65730268719,582.3743628017945,Group_A,1
47046.71451944136,718.7236846542188,Group_B,0
33280.7455539811,666.6200478091299,Group_B,0
46560.61019671538,524.3121805943506,Group_A,1
26108.086104177084,711.655902567581,Group_B,0
36306.83019921759,751.4098848643124,Group_A,1
53401.790691637034,581.4258876978056,Group_A,1
69785.19796612093,649.2852905686424,Group_B,0
92138.16291844254,511.9716590393837,Group_B,1
41201.22372393649,549.2954832252531,Group_B,0
71529.5023496816,733.8423662093802,Group_A,1
53656.28720602472,612.6866795194053,Group_A,1
47731.28529880436,561.2957620049568,Group_A,1
56488.916775892285,668.3568291566744,Group_A,1
50928.747255199385,608.2070054855182,Group_A,1
51655.93588418328,612.3342673779571,Group_B,0
43875.00255759996,709.1460820539922,Group_B,0
29028.35510301724,557.0613312852522,Group_B,0
26845.621962168778,577.5707829854534,Group_A,0
59798.67324921841,662.3263993719095,Group_A,1
45849.498648714296,727.5527832598564,Group_B,0
41058.6665051575,749.052824119188,Group_A,1
50127.58440084731,596.7950623710701,Group_B,0
61923.98379373441,724.9901573535718,Group_A,1
52705.45914539597,587.2686165223673,Group_B,0
40159.17595038549,796.0967477525439,Group_B,0
68394.39433473424,559.2983179664218,Group_B,0
73687.78254472448,756.2783048633385,Group_B,1
57418.3498298428,597.4811114545021,Group_B,0
64604.95267016135,811.059716383568,Group_A,1
68629.39995220717,697.3056583081988,Group_B,1
66951.4897460677,568.7186776473422,Group_B,0
59211.48765668935,608.2209216365994,Group_B,0
58975.20570612324,712.4944964178993,Group_A,1
57794.90860019754,734.211553409245,Group_A,1
33539.93488179435,644.342752662043,Group_B,0
60510.84735289379,653.5726624770773,Group_B,0
29662.79043310169,710.6682426115252,Group_A,1
38081.00817312417,660.5438741608656,Group_A,1
69553.47601712131,546.51961125293,Group_A,1
62603.30244041296,584.9620780287855,Group_A,1
72310.97434528795,668.8095954521332,Group_A,1
45924.88424469062,747.2385933198154,Group_A,1
32716.267380848487,779.2785939329638,Group_A,1
46393.44204394486,712.362353661716,Group_B,0
51530.46945860861,672.9832608829091,Group_A,1
51184.830745100146,709.9051108785982,Group_A,1
67005.20718135053,596.6599319834515,Group_A,1
44580.94362494832,637.7415231793428,Group_A,1
55280.51707704386,584.0695422928419,Group_B,0
35170.59275848091,550.1005911433831,Group_B,0
56754.7591706572,676.6839209308964,Group_A,1
50046.628252784554,664.8410645267795,Group_A,1
38752.79992573224,705.012198760721,Group_A,1
46462.559567377204,693.6889464713958,Group_A,1
47237.36380227168,669.4115417059089,Group_A,1
45947.673059943554,694.5293332542044,Group_A,1
76570.11863401525,646.5853523018019,Group_A,1
48523.309965381806,683.0313116177921,Group_B,0
46341.55834733993,591.9084477850912,Group_A,1
18538.235635847876,679.5764740511304,Group_A,0
36586.88972030784,703.4734148228807,Group_A,1
46053.898633154706,596.4254857542237,Group_A,1
39712.20985735036,654.1465679194278,Group_A,1
70725.61390066695,600.1117992296512,Group_A,1
47525.93336905672,607.8794642787108,Group_A,1
69326.6637397738,560.0056515918276,Group_A,1
50925.56951075552,751.2619940133244,Group_B,0
50558.417546323646,735.2548139776038,Group_B,0
48668.05328431249,692.9947083381869,Group_A,1
50056.94377432189,807.7756761555052,Group_A,1
75781.92504574789,634.8603442745286,Group_B,1
15205.839098731725,892.5409932088508,Group_B,0
19976.81383341982,631.7976467709424,Group_A,0
41852.43753415829,670.4154681404813,Group_A,1
50217.918229063536,618.1777668847833,Group_A,1
60351.56637146018,679.7860448048244,Group_B,0
57096.30797041213,716.8491942308996,Group_A,1
44236.311306791446,640.8866885557533,Group_A,1
65285.65539862643,792.1375877694097,Group_A,1
65452.931047290964,669.1319427706769,Group_A,1
52760.867469073484,671.638830888816,Group_A,1
64439.86358730262,577.2801844389026,Group_B,0
54089.67895148193,683.4799259640307,Group_B,0
41577.754598256746,639.2778223352508,Group_A,1
60467.25258500007,601.3408216530171,Group_A,1
51659.19683868017,587.8820473481309,Group_B,0
50020.0977013173,863.7410703805348,Group_A,1
72094.30358284361,628.9218199856772,Group_A,1
13236.918071898705,533.4411663374985,Group_A,0
28734.737447606454,594.1422832213942,Group_B,0
32193.943604384447,645.8745728419029,Group_B,0
44551.090286467916,693.7333626093188,Group_B,0
46180.87745350955,694.3837217380251,Group_B,0
27390.115283404288,704.129164142122,Group_A,1
35222.629515337605,598.4111754690136,Group_A,0
37087.37482214645,677.2352354801236,Group_A,1
86861.36138113838,579.9152428711537,Group_B,1
77026.12921620719,600.428561358879,Group_B,1
43823.75873473026,576.5832820399793,Group_A,1
44546.25064539802,554.9288916321384,Group_B,0
32761.94004217559,735.1367591086407,Group_A,1
21378.043801621,705.088936078311,Group_A,0
48246.79720387214,728.1332295982504,Group_A,1
35032.22025133962,653.1450452819437,Group_B,0
48727.242025069856,712.1446159092118,Group_B,0
25996.91226434784,509.0968476285964,Group_A,0
38570.38312534613,719.0470014436285,Group_B,0
52229.40642954246,664.1695864004024,Group_B,0
55493.14396675906,700.1687680119333,Group_B,0
56262.07938113022,680.4018639238891,Group_B,0
30192.66523764444,571.035587637049,Group_A,0
62820.285952033424,530.1568179687163,Group_B,0
37996.82455097225,593.0356667053629,Group_B,0
59492.868719109596,695.193382501833,Group_B,0
49840.4198507271,705.2073132140316,Group_A,1
29354.18751383078,540.564617809451,Group_B,0
45257.03443128218,571.5120506025428,Group_B,0
55480.45613095652,592.1411451247328,Group_A,1
59194.480707118986,621.4155951786547,Group_B,0
47885.18153833372,541.0359335317878,Group_A,1
72976.68335901579,536.2358587087894,Group_A,1
65112.661564798385,584.2531762873957,Group_A,1
46150.188254003704,656.9003068980005,Group_B,0
61251.82718205417,555.5524528197208,Group_B,0
79006.90227782281,640.7357192022587,Group_A,1
79407.2690117454,734.6842252913452,Group_B,1
31580.00178766254,545.8576210069192,Group_A,0
36102.00333264274,633.4843393271568,Group_A,1
72273.78180100776,731.9805387000617,Group_B,1
34125.784237435444,616.5385287708953,Group_B,0
30161.883000624814,604.1064247313265,Group_B,0
42707.088039514296,743.0796651445179,Group_B,0
56303.40064211879,625.5038336822762,Group_B,0
48464.04940083355,738.3596020164455,Group_A,1
40241.545693916116,684.3172312901759,Group_A,1
39886.81307413237,622.5724277672131,Group_A,1
39314.94403380937,688.3752424478024,Group_B,0
36807.35557011586,675.635961107683,Group_B,0
84224.49315914093,731.6706256801979,Group_B,1
54462.66606778333,606.1323569707985,Group_A,1
63301.38581607108,653.2964853425295,Group_A,1
42663.83797821614,645.078745631629,Group_B,0
47210.64984220927,706.3318513311827,Group_B,0
39296.69027944468,567.9856644444659,Group_A,1
10224.37497621197,731.3581638590285,Group_A,0
29329.860847282005,687.3063017736333,Group_A,1
22840.71980029408,544.6459941093643,Group_A,0
16253.24333072589,746.66102603844,Group_A,0
32069.615385528457,828.7274464638185,Group_A,1
69874.33519072447,730.1467175639526,Group_B,1
49333.457484434686,764.1587813781175,Group_A,1
69358.4564348176,656.8297105282071,Group_A,1
56164.73865351313,517.0796064209192,Group_A,1
61738.38238572739,502.470363906598,Group_B,0
36486.54507043137,670.4065635094207,Group_A,1
57859.26431289006,602.6416953816016,Group_A,1
60930.71351111519,576.8338977338119,Group_A,1
41350.2906164946,644.980265282506,Group_B,0
58393.1055592425,699.246823028903,Group_B,0
58492.81637862249,533.7793962590282,Group_A,1
41756.71068304876,614.0897903775692,Group_A,1
33158.473515935075,770.7896546496252,Group_A,1
32238.075021525918,563.97692958229,Group_B,0
51297.58312882193,719.5808949731966,Group_B,0
54905.14803183972,611.2215390760805,Group_A,1
38112.11254313128,693.6635007879962,Group_A,1
50398.78011989148,737.7862005762294,Group_B,0
58558.05554207728,709.3025413588017,Group_B,0
59272.860719979515,722.7327681771101,Group_A,1
73278.20180183733,557.8725173273635,Group_A,1
69154.71248297064,739.0927765393039,Group_A,1
34980.62850865184,581.7845508292144,Group_B,0
75253.79314307033,670.763341245723,Group_B,1
42035.35243166428,670.6596949597781,Group_B,0
65673.09218681642,688.8098047095665,Group_B,0
51019.79939076633,676.9565340848152,Group_A,1
43817.75932314549,582.4952017180221,Group_A,1
22884.547103376008,542.0106070163426,Group_A,0
47426.53234675478,719.7878943969415,Group_B,0
26609.251470415864,664.8667662015132,Group_B,0
64509.488537641584,741.9501472766254,Group_A,1
72751.88985708872,646.4213652649705,Group_A,1
38046.33516054964,537.5868511458432,Group_B,0
54529.56113778907,727.2903744803285,Group_B,0
39119.12716988037,620.3703512271114,Group_B,0
40572.72904794816,677.3602765936816,Group_A,1
61617.42055798057,598.2032457216385,Group_B,0
49421.92607234881,781.5441368186953,Group_B,0
76094.72062896518,579.8748140653443,Group_B,0
42766.512819456184,623.005619671506,Group_B,0
64990.04498711733,658.5958962157853,Group_B,0
51461.20119436673,562.6254138330434,Group_B,0
61936.670146163495,676.4415622870076,Group_B,0
43292.6351400508,778.9528381973992,Group_A,1
49256.61743672626,610.7630271445032,Group_A,1
48267.516810515976,681.6114255225381,Group_B,0
37459.1432773132,430.04516911691553,Group_B,0
59931.22301872629,646.8856639612128,Group_A,1
59753.73508367546,624.9566171259036,Group_A,1
58903.3204235835,584.5201918071692,Group_B,0
73054.48480876467,736.5160375702826,Group_B,1
71740.17201854454,623.9005054700938,Group_B,0
44375.82965226297,635.801801032513,Group_A,1
55595.78477651267,619.8245700168743,Group_B,0
40645.98966112681,496.65473025879385,Group_B,0
50350.329741718335,559.4410847938432,Group_A,1
41003.75826321703,726.8874788896173,Group_A,1
74301.05463704077,481.20394824960226,Group_B,0
55455.47225514444,588.6947720307436,Group_A,1
46729.56307843367,618.022395496819,Group_B,0
67904.27857784566,789.4897493833253,Group_B,1
17440.76885306883,711.4883012397095,Group_B,0
19788.461077020653,605.426357835752,Group_A,0
61937.57982829661,754.3610957692441,Group_B,1
50907.02672176052,590.7587343599105,Group_A,1
53756.69450391141,730.7279842987205,Group_B,0
30104.058450221768,541.2898203261587,Group_A,0
49651.494337244505,735.8606265431326,Group_B,0
80052.64115602014,617.5093083623211,Group_B,1
62362.99429693794,567.7196607246984,Group_A,1
52545.59817714218,632.6285109538949,Group_A,1
43414.191348425935,672.1875343776172,Group_B,0
44081.40722195909,610.420125557943,Group_A,1
18062.031661999736,694.3162804796259,Group_A,0
53864.60631381741,603.3604893068746,Group_A,1
62682.24662722781,699.6297915145086,Group_B,0
26365.71009244077,685.3777649629279,Group_B,0
40078.74661539776,645.1261556233652,Group_A,1
32638.030516498668,614.689415010724,Group_B,0
35519.732077868546,662.1232636612212,Group_A,1
50802.2244023285,694.0202994426959,Group_A,1
18733.967675172884,814.9439322185287,Group_A,1
59214.05657535596,725.1536337438545,Group_A,1
61307.826049005234,728.0791959852673,Group_A,1
46233.46117944631,897.0809755888226,Group_B,1
12789.372350231875,691.2766781414275,Group_A,0
35053.720609964155,688.7714809049362,Group_B,0
68493.52901154045,706.3212059457323,Group_A,1
8330.08578907141,569.2827217929398,Group_A,0
44787.148817097215,614.4878690864995,Group_A,1
32299.988322991114,609.5064586646133,Group_B,0
62068.554523772546,701.809118177565,Group_B,0
39873.29071784808,636.066035022304,Group_A,1
56059.310311034176,661.0578740379442,Group_A,1
58481.906287536396,736.9963696118772,Group_A,1
77543.3875959503,719.052059096331,Group_B,1
46955.870844869445,637.0623197567003,Group_A,1
55640.66554433917,596.4003922497423,Group_B,0
27724.16781308846,740.8219785322551,Group_A,1
67856.20344940617,711.9112944727892,Group_A,1
38592.36727892953,521.4994545363694,Group_B,0
41588.687538683815,624.9476848873376,Group_A,1
49666.28307726184,663.241236961341,Group_A,1
26556.734819902256,712.3063773696825,Group_B,0
53431.55043393407,722.8081195951817,Group_A,1
64511.99409387516,672.7124800940379,Group_A,1
54394.007352459375,696.8198025087084,Group_A,1
26166.536537319123,655.1309441902523,Group_A,0
48142.8605850551,596.0918649455551,Group_B,0
61130.43354469236,629.0988487166996,Group_A,1
21830.168510511383,651.5192949312086,Group_B,0
33878.50979273429,647.2256599985128,Group_B,0
63148.1540612228,499.1541676445223,Group_B,0
54051.4315129593,618.2013332056455,Group_B,0
56179.573731901306,654.4964522471322,Group_B,0
77892.42211434967,627.4904006475439,Group_B,1
57028.291677593035,630.2540963590732,Group_A,1
59868.32015649769,689.039309664367,Group_A,1
90661.18290827489,563.6834250361093,Group_B,1
46792.93162864264,519.7566228839031,Group_A,1
38031.75854572257,622.146416733066,Group_B,0
56416.94597370699,711.1291524401431,Group_A,1
56584.865440833426,785.0042431589311,Group_B,0
42099.26912080688,712.5702591275792,Group_A,1
34514.04470667729,532.5388992104922,Group_B,0
84647.66633135117,631.4106208498583,Group_A,1
54902.65205582034,670.5307504865224,Group_A,1
39015.71927896886,664.2072893538874,Group_B,0
63738.95453419398,693.14436423543,Group_B,0
48362.82272657998,576.6360842831391,Group_B,0
46206.77830523253,655.1954470040594,Group_B,0
58434.0930787174,683.6258263820903,Group_A,1
30621.76597652465,716.0536762642928,Group_B,0
55289.40805875759,585.5425466709767,Group_A,1
78694.32211597628,622.3874506205682,Group_B,1
56992.66493295966,433.6945855941328,Group_A,1
44356.818443248034,600.2830425937781,Group_A,1
42393.42079357637,608.0468085623165,Group_B,0
43844.90039982336,568.4332393466045,Group_B,0
46190.55982928329,663.2489720186121,Group_A,1
44332.90200862592,645.5243654363785,Group_B,0
63744.6716161185,469.2628897937911,Group_B,0
24001.863451865254,667.2406375441406,Group_A,0
62930.00075618201,575.7340695368778,Group_B,0
44304.702122861585,688.8551167352412,Group_A,1
55654.21678543058,547.4519001817067,Group_A,1
33095.18134698704,652.4005230824752,Group_B,0
69929.46600274154,627.3469336890795,Group_A,1
68684.5244025781,674.2481507960264,Group_A,1
64393.857886251106,659.9757822121078,Group_B,0
27278.67836309691,629.5868659982837,Group_A,0
62436.81606599079,527.0982148764604,Group_B,0
56072.82631453563,531.8233629231174,Group_B,0
25920.931293011487,603.2890448726225,Group_A,0
49635.539243437765,649.337609285633,Group_B,0
55468.01733549894,601.3401642240707,Group_A,1
58341.12910734726,700.0169544463572,Group_B,0
52658.92050423284,627.6623264630653,Group_A,1
54368.4712527107,572.7989820176392,Group_B,0
72104.17088379644,627.7522965609672,Group_A,1
68390.5086486602,668.0687869053241,Group_B,0
6994.175693258847,675.9907775059668,Group_A,0
45238.42167743477,800.2703305594504,Group_A,1
47530.23458684073,596.4872527997264,Group_A,1
23718.521409095432,644.121707072768,Group_B,0
51412.74587348468,684.0899157455541,Group_B,0
68731.3665861576,648.1261632639348,Group_A,1
33701.48210614115,609.9505483209077,Group_A,0
55046.01408034808,526.0594258924605,Group_A,1
36262.647840553436,609.1332352757588,Group_A,1
39921.31964480485,564.1038069825759,Group_B,0
72160.90451255052,511.8714655100977,Group_B,0
41861.632698322624,586.3456926663531,Group_B,0
56933.18733515937,566.2326623386837,Group_A,1
21931.728259085194,696.7029236234358,Group_A,0
77934.7634209232,698.0873469931435,Group_B,1
59039.78669459748,577.68965683353,Group_A,1
47262.50236024607,629.1817095549503,Group_B,0
58633.19764999842,501.3405870309972,Group_A,1
28852.708565782847,610.4528039853844,Group_A,0
67737.96112628985,681.9185520561877,Group_B,1
45140.228367553544,715.9950311691282,Group_A,1
46938.95727427348,592.956233464695,Group_B,0
42625.16577551774,734.1483888422016,Group_A,1
41290.22895881623,528.7446462789222,Group_A,0
60420.05917442613,550.1897760684966,Group_A,1
53838.60275156335,706.7729492510301,Group_A,1
59776.2221210456,783.6896982850598,Group_B,1
49868.07965771643,689.4745590546956,Group_A,1
57697.997166157715,646.772609077279,Group_B,0
43717.26884112442,474.3853002782233,Group_B,0
83445.97762114322,488.20423551652163,Group_A,1
26481.043753542523,660.3527629516695,Group_A,0
68914.05985344476,621.354986434306,Group_A,1
70518.61176081456,561.5331854278305,Group_B,0
37217.61791051609,655.242606466404,Group_B,0
83439.1041583396,659.2105094006248,Group_A,1
64932.354244179776,725.5532694832218,Group_B,1
64567.08510234367,660.9281826410161,Group_A,1
50420.33280538815,748.2715494667508,Group_A,1
46741.60762671985,650.639522363905,Group_A,1
46858.86759440588,640.7732004154132,Group_B,0
55857.95894479276,735.1449748997745,Group_A,1
71017.79412550844,571.7247295966853,Group_A,1
52719.713267921295,875.155796261293,Group_A,1
36328.34565294065,680.0205982533389,Group_B,0
62366.405935774696,680.4663402270138,Group_A,1
63817.261195921885,692.0076779178078,Group_A,1
59819.89292671679,800.1709180265314,Group_A,1
61182.48359787474,713.4005929338085,Group_B,0
45936.07804763288,521.595521679686,Group_A,1
36065.16249304131,762.2776307814004,Group_B,0
36977.0985403883,622.7282736443987,Group_A,1
25468.051273132132,658.5724058271459,Group_A,0
53554.22917318925,547.6596822259787,Group_B,0
48748.2682516011,692.0961614499116,Group_B,0
43400.18443205437,597.8900567945958,Group_A,1
5665.717634823952,658.0135710394779,Group_B,0
31290.23795458747,627.2720795711374,Group_B,0
66812.6097710475,804.0010241388682,Group_A,1
40030.609999053035,808.5808240116471,Group_B,0
55408.87516485262,653.7210536171793,Group_B,0
29139.718550371155,655.1182169095084,Group_A,0
71580.58223538847,620.1245626920388,Group_B,0
47839.58509917985,738.4805033202229,Group_A,1
54350.605947253025,623.6864103733299,Group_A,1
84886.69687822528,616.293018028344,Group_B,1
72746.60150884106,728.2874290931971,Group_B,1
45401.51568069413,606.936072374668,Group_B,0
41101.69722694461,646.9795972441176,Group_B,0
45116.82482720702,523.4951374791206,Group_B,0
57648.47372714803,706.3352276098534,Group_A,1
48421.637986236936,805.2693551345495,Group_B,0
44071.33782494793,707.6980298239833,Group_B,0
72007.71876063563,766.9439334037844,Group_B,1
48286.85162333245,582.3118291058136,Group_A,1
84493.83639555979,668.9059425622561,Group_A,1
51361.1384562826,574.5472060504488,Group_A,1
76779.77591337092,631.7787563534926,Group_A,1
55359.7913406594,711.7769181882004,Group_A,1
64444.40859874172,658.1456490482639,Group_B,0
39130.83422723413,536.9887181919023,Group_B,0
37193.61166118882,544.7976715569797,Group_A,0
56895.58932522481,539.5068854807381,Group_A,1
64828.29863697973,689.3162071951672,Group_B,0
50603.84753000694,815.1115628525334,Group_A,1
30704.09997374454,758.996659520017,Group_B,0
29596.124505660093,498.3211840683149,Group_A,0
28592.953967206384,763.6860750455827,Group_A,1
23485.668305909287,724.9120333611718,Group_A,1
51642.280391706314,526.3760043576993,Group_B,0
66875.65882562038,625.7438706631602,Group_A,1
49798.76319612787,737.6417929196648,Group_B,0
16093.778639932214,694.0346808747828,Group_A,0
47138.59309498177,545.2723958089612,Group_A,1
47558.01505051089,698.8593724636955,Group_B,0
81439.98125338159,478.99995231355297,Group_A,1
28142.931306206654,632.1742259394231,Group_A,0
44139.83596101207,741.0365415520039,Group_B,0
75587.79020816846,651.4715372457056,Group_B,1
56749.67512019822,610.0849960030444,Group_A,1
58449.69610274637,721.147700301788,Group_A,1
51718.766555358176,727.9801452069265,Group_B,0
54949.15307985897,754.803175429356,Group_B,0
61664.14295417804,719.947394275711,Group_B,0
37857.705216608505,736.5099835149717,Group_B,0
63170.878683623,708.6326845950027,Group_B,0
29404.954746716914,671.2422919293177,Group_A,1
54925.51959247307,657.1607199811051,Group_A,1
52681.11444929491,631.0192224722078,Group_B,0
40755.60367711838,553.010536555222,Group_B,0
49659.7208701153,573.5750792944153,Group_B,0
40661.8977100167,627.4388414451832,Group_B,0
33924.480097073836,669.3161727681943,Group_A,1
44695.77887579534,765.265007840341,Group_A,1
33440.17046942508,646.656221769959,Group_B,0
54841.96196139872,730.2781032702131,Group_A,1
32748.71758771455,736.3452525145697,Group_B,0
60679.65534486577,631.4842561848967,Group_B,0
32277.8139810677,697.5752169096147,Group_A,1
41505.5762662849,630.517756662011,Group_B,0
40630.948876772316,755.7708715262781,Group_B,0
69877.20093312259,700.8674670612746,Group_B,1
54954.34918424888,554.7612996249316,Group_A,1
46823.99296183408,662.9219721723077,Group_B,0
57480.79161604585,781.8489729459104,Group_A,1
18392.11479005468,635.5015172362639,Group_B,0
49352.99615538639,685.8172024076055,Group_A,1
79962.71266707144,693.6703070191317,Group_B,1
51985.19759604009,567.0701680668319,Group_B,0
51018.697537540036,690.8566359370811,Group_B,0
58221.92569463294,538.4931878372299,Group_B,0
63434.078649715186,599.9500714878883,Group_A,1
20037.999606652105,736.0578373995354,Group_B,0
24765.102773134597,678.5405032246687,Group_A,0
53154.3693662922,625.6417753802779,Group_B,0
39276.85157153735,685.716881699615,Group_A,1
69680.37893329872,645.1926201795895,Group_B,0
45272.38415172164,651.0062801881467,Group_A,1
20982.038964303232,702.545482137611,Group_B,0
30979.791247340047,591.8105807472695,Group_B,0
8754.85970554137,653.2269124443752,Group_A,0
46488.116940756314,625.0185444314677,Group_A,1
47174.23809103425,523.1517300319796,Group_B,0
43633.059353271536,576.363539500056,Group_B,0
66183.18558544607,775.4565157651066,Group_A,1
67977.79754775041,680.7778651668187,Group_A,1
47444.17364965833,544.1129358878889,Group_A,1
17979.594987847162,526.7716499321272,Group_B,0
59259.22370738388,641.0268879911533,Group_B,0
58330.40342762863,774.8949226541185,Group_A,1
54640.873552354176,635.0593492156518,Group_B,0
64722.196239621735,754.5599642723213,Group_B,1
32527.5785530844,678.1544616654926,Group_B,0
80131.33079277708,687.7000366276715,Group_A,1
35608.58370287198,543.1423592556345,Group_A,0
61238.343908012816,725.0018337399806,Group_A,1
24689.784583799727,623.2054370181114,Group_A,0
36046.02969094924,719.0473962888726,Group_A,1
72745.52970088004,584.866401441111,Group_A,1
46086.50265498725,664.163947800793,Group_A,1
62598.83907699197,678.1602363150105,Group_B,0
53554.33083078869,637.6773346739307,Group_A,1
48425.62765999741,682.3636154468925,Group_B,0
70457.75487399034,628.6882339845993,Group_A,1
46450.117630221495,598.0752197566976,Group_B,0
23288.92838654794,778.4386706235172,Group_A,1
37951.39862072442,733.9162293089154,Group_B,0
58267.87593052541,589.1308203961459,Group_B,0
55932.63659543762,695.4755444475691,Group_A,1
26494.126246468426,590.5856916239078,Group_B,0
39134.862208876984,555.2252285070141,Group_A,0
41274.1797619663,732.7047553119181,Group_B,0
44517.95608828662,513.6720299482075,Group_A,1
29361.29617097673,724.1484730861233,Group_A,1
40574.43337820782,629.7822149941553,Group_A,1
39070.84272110709,633.0762717535578,Group_B,0
61572.99889642879,682.7800975698632,Group_A,1
62136.819664853654,696.4959049595402,Group_B,0
47812.84312866776,583.8925458536874,Group_A,1
44119.403061939025,707.4180487000051,Group_A,1
52098.8646805867,659.0696430420179,Group_A,1
37751.37338816638,549.515616570557,Group_B,0
32797.518767488385,636.4100413136208,Group_B,0
35896.681866114246,760.502321244714,Group_A,1
40477.80254042815,784.1275838596557,Group_B,0
32547.893003115933,707.3878766086942,Group_A,1
52430.89338594312,554.7725209465304,Group_A,1
60945.73510675563,689.2485521964711,Group_B,0
26193.525488026375,718.0688723087354,Group_A,1
50376.9306682405,708.0566386654978,Group_A,1
46700.96307100497,712.7963430950334,Group_B,0
55122.63028305204,679.0610463398025,Group_A,1
49805.918478446176,644.2070128935565,Group_B,0
28196.01080102554,601.3306003276786,Group_B,0
31064.160517142518,498.16515851988026,Group_B,0
50441.35363377459,677.171341337068,Group_B,0
65431.71379618264,664.8842274921751,Group_B,0
16787.189434354957,694.6060674259853,Group_A,0
55185.8986970237,542.9965045365684,Group_B,0
67844.33007931465,701.6013351452049,Group_B,1
47704.611856906806,814.3636075696622,Group_B,0
58253.03744039661,656.2760104622329,Group_A,1
39453.96378653297,645.0667744634767,Group_B,0
48209.50701084685,674.720188486856,Group_B,0
25686.297225377726,812.5869619768271,Group_A,1
14834.850373716894,568.1081790640087,Group_B,0
64141.48701837913,666.2565546715124,Group_A,1
35225.07608413337,586.0274062161884,Group_A,0
43167.08232494854,606.2396223324004,Group_B,0
29203.3662009471,646.0327753694448,Group_A,0
28850.454453741862,757.7858593290847,Group_A,1
47392.434498580755,794.079248055099,Group_A,1
39056.3420879653,685.8513715701365,Group_A,1
55669.56496992048,619.8724221581211,Group_B,0
56788.07628469388,849.4191093310815,Group_B,1
54812.74469486911,615.7956414936384,Group_B,0
53579.01186392666,604.309126851221,Group_A,1
73666.52307397829,508.00455643370185,Group_B,0
33986.09346432671,761.6873255395794,Group_B,0
49175.97700695624,727.4596473897035,Group_B,0
66990.34730779383,843.4244428893157,Group_A,1
68968.09714007055,538.8381318225499,Group_A,1
28673.545259831408,766.6536645983288,Group_B,0
45314.66837516195,655.6108414692902,Group_B,0
70371.81643800891,714.4880173440109,Group_A,1
57621.18657798598,518.1778287116423,Group_B,0
52928.94547219659,767.4465458132238,Group_A,1
46734.729598480146,712.9213401065464,Group_A,1
44242.98611438382,646.8871972171027,Group_B,0
54323.28594635487,701.6090150128897,Group_B,0
46214.38812523275,588.7603759166201,Group_A,1
49361.32068433334,603.6447931534641,Group_B,0
51178.98059172556,612.9244309099684,Group_B,0
39828.927072597515,501.7817710647778,Group_A,0
57981.94060822157,718.9406795362694,Group_B,0
93713.6697262313,745.3274891346053,Group_B,1
23345.20041010887,593.8924680188927,Group_B,0
54860.1878628497,677.8562412755855,Group_B,0
38597.148670716415,628.7567620296611,Group_B,0
58661.03866278875,676.2619169664824,Group_A,1
50698.36209991791,599.7938207031177,Group_A,1
61427.82161063695,579.3259875129892,Group_B,0
67632.59864763169,734.1659908818995,Group_B,1
52886.31676652272,644.8903531900406,Group_A,1
66980.78432621267,811.7687160682781,Group_A,1
14835.531593169842,653.7047971835312,Group_B,0
73856.78446874034,575.9137567719606,Group_A,1
55625.9322783851,748.1552701148751,Group_A,1
66167.65033617773,700.4640131316816,Group_B,1
31701.863827377176,708.1498290957139,Group_B,0
37538.451775919966,745.2480543094334,Group_B,0
52189.07441217161,597.7762964923364,Group_B,0
49744.431659938055,639.819735281177,Group_A,1
54246.02882014984,636.2840134809766,Group_B,0
66267.7274139495,546.7402770467505,Group_A,1
23521.69527045726,628.9127879873405,Group_A,0
64607.286075759635,756.910356630146,Group_B,1
50124.2286493689,668.9870483035078,Group_B,0
46943.272083131786,542.315093772401,Group_B,0
27933.271484226643,525.5328470668052,Group_A,0
57545.73002565298,783.1820846998617,Group_B,1
13788.382234534445,642.7744791795895,Group_B,0
59725.91016858069,598.2071835438707,Group_B,0
27618.41246790512,628.0806588082397,Group_B,0
50801.86868926211,531.8153796546135,Group_A,1
48212.46744008119,763.8476119609296,Group_B,0
67543.07220940826,618.5557649931176,Group_B,0
47320.17246479165,759.3921222190737,Group_B,0
39587.92158281502,654.1321371557852,Group_B,0
42400.959560431955,764.3625579654752,Group_B,0
69093.24153131995,670.5355599234468,Group_A,1
58044.454537713405,718.258613029526,Group_A,1
44215.55027715258,707.5274436870669,Group_B,0
46453.3037005323,699.8632853001577,Group_B,0
26492.343641218296,677.8347581746168,Group_B,0
55827.113012773116,631.3719427107532,Group_A,1
23602.764384568014,803.2347753258289,Group_A,1
61276.94698753184,577.445041192328,Group_B,0
51929.323887368984,650.3446113874528,Group_B,0
85804.27699360883,651.1908700166076,Group_A,1
33497.96669413541,682.1952602674817,Group_B,0
48460.0686343905,615.6421883284399,Group_A,1
76974.31551384594,675.1797044471671,Group_A,1
67870.84460437122,636.4925931837627,Group_A,1
39556.81922630151,523.443798604968,Group_A,0
53359.51142560172,650.7641829005477,Group_A,1
50029.99034622631,561.9547733575879,Group_B,0
54229.338010912354,511.2491390040879,Group_B,0
39519.79346022755,660.9498656551508,Group_B,0
48660.193959488985,689.0306673615653,Group_A,1
26029.214370849295,692.1358433683661,Group_A,0
52026.85177802123,695.3736565615756,Group_A,1
56750.31010132748,495.39287832475117,Group_B,0
46588.70881034174,541.1186457674024,Group_A,1
25774.236641228184,807.8817149450937,Group_B,0
64827.97794277193,566.2232991938371,Group_B,0
55467.875569892036,698.8672824909352,Group_B,0
39109.77353448535,595.0449902667323,Group_A,1
45790.99329742904,656.3738191414052,Group_B,0
27489.95895827242,599.3396638181125,Group_A,0
34618.84808333143,694.9232923695715,Group_A,1
41932.82980464291,660.9419293853359,Group_B,0
68426.31218420227,614.1368181084613,Group_B,0
40407.449136687865,565.9862304255432,Group_B,0
59603.20488993138,671.4219357994009,Group_A,1
41925.2569570763,552.9824960765928,Group_B,0
53719.213412778125,684.1984833696671,Group_B,0
47879.067467842964,860.118792722952,Group_A,1
63095.84900139115,758.013604100961,Group_B,1
41977.829926721635,707.4678309515331,Group_A,1
26412.076249963386,643.1514161807082,Group_B,0
29270.76452954551,494.899789839718,Group_B,0
42021.83759085864,544.2170883279853,Group_B,0
31264.10043982921,752.6234284882171,Group_B,0
56153.18023519327,586.8195135900177,Group_A,1
43013.47752712883,594.0598321468763,Group_B,0
85619.09825039646,636.7479619452782,Group_B,1
23934.28107294302,565.0362992922757,Group_A,0
53054.497680647015,551.8585012358691,Group_A,1
33080.70464741497,645.9620741774862,Group_B,0
42598.97989425982,578.6776436262371,Group_B,0
52121.29210010816,590.7185136176884,Group_B,0
15119.429376885695,587.5047179082395,Group_B,0
53552.39175182041,691.7888171067575,Group_B,0
78543.61193411252,631.4299447603714,Group_A,1
43198.42552447111,635.7142425684917,Group_A,1
53897.11785208264,697.7556717847107,Group_B,0
65373.82539688099,638.6368313413648,Group_B,0
47540.69749959505,627.7396985234261,Group_B,0
41285.59717202775,687.6360284456136,Group_B,0
15863.953944173714,703.4558274846105,Group_B,0
59614.8607909246,638.2341200393116,Group_B,0
48302.47385406654,656.4486220496417,Group_B,0
34809.74222917757,587.4567816213338,Group_A,0
51898.950654165405,581.145356546838,Group_B,0
41244.79464790728,711.5318001573446,Group_B,0
42073.60803326712,685.5953650035698,Group_A,1
59094.36734163063,686.4238750733261,Group_B,0
29924.263830142332,672.4683478980418,Group_B,0
65709.72929110637,653.6962620651963,Group_B,0
29034.707553223947,705.7129512658215,Group_B,0
40059.47887467104,724.8087008818227,Group_A,1
78844.19291099865,722.8982404152518,Group_A,1
66910.32142463633,641.937766724321,Group_A,1
51464.059887431606,760.959418392707,Group_A,1
35892.04676748175,668.2768545385857,Group_B,0
42060.9153995016,700.5900954052639,Group_B,0
51099.12971878544,672.5670312667904,Group_B,0
50562.84848509398,669.7605365987339,Group_A,1
48636.93605561056,591.1398407799744,Group_A,1
49537.512288737234,706.108067067586,Group_A,1
46784.37335442329,877.6235515926112,Group_B,0
28370.318965399805,620.0163940167934,Group_A,0
42252.33886758751,655.6795772339958,Group_B,0
63719.360809802696,614.3035788522191,Group_B,0
29474.98553673324,610.9584078750453,Group_B,0
47156.66732691082,773.5559582494939,Group_A,1
37703.69106843734,596.1623185818028,Group_A,1
51670.25644097167,612.0735621306911,Group_B,0
44170.502283997725,523.0005741014959,Group_B,0
72160.90497462003,589.3910620366203,Group_A,1
57598.747312853804,513.3280085637322,Group_B,0
30322.95251334183,700.5443759369543,Group_B,0
60068.42017420548,873.9757777469847,Group_A,1
38380.22215606905,620.6656965079583,Group_A,1
41345.054429337,516.6593653607811,Group_A,0
54707.285301606826,721.9999731543787,Group_A,1
42623.788704047976,591.8460032855875,Group_A,1
63392.837244844326,753.9477544442832,Group_B,1
38382.34907729907,627.4376761768044,Group_A,1
40715.80171112955,599.4547448733775,Group_B,0
40154.43659677837,635.7633955403451,Group_B,0
41515.418774674414,710.622140874895,Group_A,1
66487.8733332172,631.8063495395475,Group_A,1
59431.94440415455,610.2620237765036,Group_B,0
75649.15931018107,634.0934717616902,Group_B,1
84014.66305848882,548.2515852399292,Group_B,1
34539.2445210149,681.7625281835184,Group_A,1
51056.28690990934,507.0618724924072,Group_A,1
32356.995250348507,614.4702836507588,Group_A,0
38335.911083775994,710.7508167064594,Group_B,0
40548.76234616496,674.2438626346174,Group_B,0
34142.67688792589,697.2256458389112,Group_B,0
34221.69090652379,644.7963461824953,Group_B,0
47835.73432219618,743.5796944788414,Group_A,1
31749.223724203894,723.9759357415834,Group_B,0
62631.9043870645,685.6912803398139,Group_A,1
36233.69693873729,724.2036621850834,Group_B,0
92143.53455144589,710.0338843522861,Group_B,1
43229.23323553407,614.8429189322487,Group_B,0
51080.26462875578,542.4880870646933,Group_A,1
30569.882233009474,683.6289700674099,Group_B,0
75591.3763719146,693.6871384665143,Group_B,1
66792.51021204374,737.2377592910852,Group_A,1
54453.73806104169,575.0942979963766,Group_A,1
29797.961768306515,577.4855152578269,Group_B,0
53160.003165869304,686.7920213046216,Group_A,1
33178.534309741175,644.3066408917531,Group_A,1
71935.32895210042,499.13907115430976,Group_A,1
62137.92097779759,680.0086531003352,Group_A,1
51431.585577316044,501.8061668008836,Group_A,1
13454.365051290166,574.3794758501299,Group_B,0
35248.76032011454,758.1345098288086,Group_A,1
60316.416973998086,795.9903214245692,Group_B,1
68193.25537584734,552.7474905222431,Group_A,1
66637.54717238198,623.6486770069845,Group_A,1
26119.80496637817,653.4098018462964,Group_A,0
54523.28460219356,792.4981542065254,Group_B,0
65232.72824724394,610.5704841740479,Group_B,0
25124.966516266322,611.8492781573377,Group_A,0
49881.432269401455,773.8980446770289,Group_A,1
54107.63597462684,620.0168677825394,Group_A,1
45488.531227298976,707.7761367173166,Group_A,1
22217.572168981977,531.8285627910058,Group_B,0
45114.52834889407,636.3013804726139,Group_A,1
45090.41854617464,517.2322529338876,Group_B,0
47778.91393178369,565.5652975235437,Group_B,0
41547.928618623955,717.1361084121811,Group_B,0
43354.81770137799,646.0075687130629,Group_B,0
49404.40576479533,624.471540755762,Group_A,1
56636.81907454567,590.1000300815266,Group_B,0
45433.59855714999,632.3475141406974,Group_A,1
43855.26607447997,674.0890533680555,Group_B,0
51385.310573816874,728.633296516941,Group_B,0
21186.261111572276,439.98826527225583,Group_A,0
57155.526908396874,583.4591060589752,Group_B,0
49991.55354315562,662.7276993751204,Group_A,1
50595.402898963424,642.0909507230172,Group_A,1
64411.01461391696,682.270099402138,Group_B,0
20707.767049276277,671.4032228901243,Group_A,0
20392.491952115546,625.6105709605274,Group_B,0
54107.05767985279,607.8517443210259,Group_B,0
49893.24717307226,630.3598808211599,Group_B,0
52552.65414787898,741.8993879858194,Group_A,1
43068.093872413316,591.4393653675429,Group_A,1
59965.305113598966,644.9754621484835,Group_B,0
63989.5826448668,664.6673771198737,Group_A,1
57259.7344092729,774.8280743899567,Group_B,0
46087.57312393125,625.9753393410949,Group_A,1
18384.659185783956,726.7045324808769,Group_A,0
61538.54312055692,748.5583522612018,Group_B,1
68325.9299932639,644.8996588007482,Group_B,0
59668.376179759696,633.142481673859,Group_B,0
36805.3635894874,623.6757062361427,Group_B,0
60106.915905016365,629.5341492605934,Group_A,1
62907.945619421684,718.3391888461466,Group_A,1
73382.24371698628,668.4807981804411,Group_A,1
36858.35113658063,668.8231767335895,Group_B,0
46603.18123183792,559.9821191696133,Group_A,1
61209.08076715183,572.6007938099813,Group_B,0
50861.15107157236,821.4757459821584,Group_A,1
33240.08596923087,635.7739419769048,Group_B,0
56219.244275400546,588.0182403537312,Group_B,0
58679.9245072275,764.4879332471438,Group_B,0
51319.44344496503,672.5446838946841,Group_A,1
53293.773907699164,696.2523933491617,Group_B,0
46119.41147471405,638.9562339774773,Group_A,1
72174.1840357409,624.5061527538556,Group_A,1
36489.61724430985,636.4330902002167,Group_A,1
41190.18855854332,539.3809463761098,Group_A,0
50164.78270291288,642.9658072464082,Group_B,0
63184.31041551339,673.6826461634093,Group_A,1
27539.40244858195,798.0370587075004,Group_A,1
30345.54875351841,656.8799252004172,Group_B,0
19434.072383979234,463.2658366231756,Group_B,0
50490.428378799064,642.4811653772302,Group_B,0
33225.41274190184,869.1603306486645,Group_B,0
44231.74834973125,719.3092987988032,Group_A,1
59920.67284837562,585.128884495313,Group_B,0
40376.8591882573,697.2885211544445,Group_A,1
53469.23034115047,590.6389260088208,Group_A,1
45509.93138372417,541.6953984362514,Group_A,1
60081.71472644655,622.1304509412743,Group_B,0
57126.92101022013,657.3221151391089,Group_A,1
39620.99455738085,500.2275598053283,Group_B,0
47470.22369899321,558.0672567569092,Group_A,1
65656.15096580742,650.8268450545884,Group_A,1
55900.65305381145,617.3461459208837,Group_A,1
29045.569133733028,681.5849016916873,Group_A,1
59834.27091757074,552.8265338153151,Group_A,1
33730.84066345643,707.1290998842641,Group_B,0
71187.6960494151,555.2992722351844,Group_B,0
65361.48259761537,781.4187441550104,Group_A,1
54348.28213877601,512.7393372497347,Group_B,0
52358.4926515429,562.595658369327,Group_A,1
46864.5161595887,683.3896642425464,Group_A,1
60177.85927100042,783.138660119811,Group_A,1
44438.32745806908,675.2034428892937,Group_A,1
53533.54805959841,695.0286336145913,Group_A,1
63079.01549779177,651.4029521338447,Group_B,0
41572.901847116154,567.8881236707846,Group_A,1
40757.10890013958,610.7889321408496,Group_B,0
32084.517789133115,553.0472224014978,Group_A,0
34032.908808107415,547.7032025778503,Group_B,0
22574.070328377464,682.1399135455797,Group_B,0
60947.43183523294,560.1457614329631,Group_A,1
77133.71813124156,675.5643205378689,Group_A,1
71379.93415205459,545.8541798223122,Group_B,0
25608.732670602254,673.7106416093404,Group_B,0
60872.820073343,610.905394482963,Group_B,0
71331.59524885335,762.5292426920515,Group_A,1
43147.85028892004,675.8975116463253,Group_B,0
51521.71145975074,748.8626314395314,Group_A,1
19881.604237929943,589.5482626859846,Group_A,0
54001.04251964962,654.4914672195334,Group_B,0
34046.604058479235,571.5130273506977,Group_B,0
52994.52526867272,616.9115805804465,Group_B,0
26581.956167166794,629.0316621804296,Group_B,0
58142.873367163935,591.9313423450288,Group_A,1
65367.69013140035,552.7597712923443,Group_B,0
38252.302074272484,536.9186141077878,Group_A,0
32946.16127884349,462.82015074340825,Group_A,0
17659.654361750283,565.4922829197234,Group_A,0
46003.796988872346,700.1995117337476,Group_B,0
41276.090985775925,522.1201174389373,Group_A,0
26734.70881477918,540.5501722997356,Group_A,0
56795.281344682575,793.2718856986332,Group_B,1
43250.44427203026,599.0803160121396,Group_B,0
33863.960620321515,675.6836807331869,Group_B,0
41681.41391539329,701.3853717200395,Group_B,0
66069.56808394424,703.0020903825024,Group_A,1
59044.05415632833,528.2148615513552,Group_B,0
48049.609077522655,631.5152256080407,Group_B,0
59286.575276972784,520.5418184385286,Group_B,0
32586.320654198917,845.7054287128259,Group_B,0
50485.55151090546,522.409978878752,Group_A,1
52209.83495729706,566.1727824904144,Group_A,1
42952.452372519096,566.7519316126796,Group_B,0
56531.875039361264,530.2671618621696,Group_A,1
38293.498180333234,758.2075127805236,Group_A,1
57647.31061664177,843.7958320866796,Group_A,1
58277.88157296938,611.9400704549906,Group_B,0
6242.601789544009,544.3661482524471,Group_B,0
67854.58555265177,471.0459601019183,Group_B,0
4285.5115197086925,630.4713025182318,Group_B,0
40759.26461665812,624.6907661470844,Group_B,0
65380.22051386633,597.8963098911885,Group_B,0
45240.69912121339,667.7100203180983,Group_A,1
28007.21026295687,681.6138514252389,Group_B,0
33593.94407424994,675.8466606350321,Group_A,1
65403.58619480929,624.710010242521,Group_A,1
21177.432041770426,561.870253634059,Group_A,0
66934.86651443026,703.2666478245372,Group_B,1
49173.46851436566,651.0011007537224,Group_B,0
32114.070043363496,721.068601986772,Group_B,0
41253.273915459635,713.2060439577785,Group_B,0
34741.63488347538,536.2590344762308,Group_B,0
62993.37801287793,535.2622234033918,Group_A,1
60986.417146442574,589.5567425007578,Group_B,0
24212.5829918593,565.4987673367466,Group_B,0
43946.11822220999,710.420142078088,Group_B,0
37052.215064835844,678.1047740790334,Group_A,1
69402.64952689056,737.9347195028249,Group_A,1
29748.513228103686,681.7189453928735,Group_B,0
74063.43657027521,666.6919665498696,Group_A,1
49500.57890724594,745.9783824275337,Group_A,1
32570.983904298686,687.5781871788039,Group_A,1
39840.88723986084,655.4480770750175,Group_A,1
37975.71738847324,768.4362427144548,Group_A,1
30880.72396976741,659.2144706522232,Group_B,0
51422.40289595564,625.6527516065663,Group_B,0
31581.26673962235,582.974139297788,Group_B,0
17294.50686892717,706.2420367236329,Group_A,0
44304.85293727741,748.9640433473975,Group_A,1
22957.15705373176,645.9530078853256,Group_A,0
38717.586978987194,754.6332499023871,Group_A,1
36363.45667094966,492.3987974422739,Group_A,0
36931.75891961279,645.5637300153668,Group_B,0
80014.4465238523,646.7924070316451,Group_B,1
50846.173507543564,591.8404502074122,Group_B,0
53680.56513492998,840.7088830385499,Group_A,1
23354.02555486558,644.7045893848991,Group_A,0
40190.55299544617,617.3815382716454,Group_A,1
53229.539449122676,652.0769690746804,Group_A,1
34632.0663063049,489.7749009179336,Group_B,0
63620.94265276978,589.2105659724068,Group_A,1
31959.551211484548,728.6591975556323,Group_B,0
45704.50796202237,599.684371605378,Group_B,0
41209.22540036662,583.6899869759783,Group_A,1
52464.80989072874,754.762050921152,Group_A,1
40392.64892216861,757.2203520761464,Group_A,1
45936.59559393594,691.3592377728913,Group_A,1
46458.048623330214,613.5906132769067,Group_B,0
38984.18363913048,630.8423147906941,Group_B,0
57276.40802745669,585.6680030740033,Group_B,0
53575.82562256138,570.4181504777084,Group_B,0
48670.79082120249,566.4466809353254,Group_A,1
43543.12499807063,600.5556474571833,Group_A,1
61948.16045779995,567.2223207452204,Group_A,1
46462.48634278728,524.9035905165481,Group_A,1
45399.54068261094,667.5522135803125,Group_B,0
51570.35044832189,668.767646471475,Group_A,1
75448.80024456276,786.0634206742653,Group_A,1
29894.65687968194,596.5329305316238,Group_A,0
61547.853395830316,673.6880471698616,Group_A,1
21602.432581428424,675.0170063419841,Group_B,0
53259.09737342936,629.6929951099573,Group_A,1
73626.24241413096,709.5466870999741,Group_A,1
57330.02786700961,712.0183349480571,Group_A,1
52559.37617809689,676.1928876158032,Group_B,0
41593.25796795387,629.5488235961764,Group_B,0
50465.708007328314,621.3975913156372,Group_B,0
46219.05776894966,540.5796880962353,Group_A,1
38210.35088102967,585.5265777105847,Group_A,1
45651.86576787695,600.239398087865,Group_B,0
52975.717409396595,560.0822590056453,Group_A,1
38491.74397204039,685.1939173350131,Group_A,1
37905.77268972974,745.7302295189608,Group_B,0
29596.348436117383,577.355005413668,Group_A,0
55860.875391333444,672.675314859571,Group_A,1
58179.848929505904,567.2711088376232,Group_B,0
53474.906663547765,625.6062263248671,Group_A,1
64477.557390929986,594.7736336657779,Group_A,1
51318.01455621091,698.1516518885153,Group_A,1
55880.16406048635,595.6969460926257,Group_B,0
54557.56138456344,730.9328330965318,Group_A,1
48626.89970872688,630.342338107024,Group_A,1
42037.67257805529,598.0317032324135,Group_B,0
83212.28923687867,549.735579012387,Group_B,1
